cibil_score,annual_income,employment_years,loan_amount,loan_term_months,residential_assets,commercial_assets,existing_liabilities,loan_status
353,1723952,25.6,3804560,48,7125362,4163410,2142698,1
765,4245114,7.2,1148331,24,600446,2068560,2103477,0
693,369349,16.2,1631415,48,2210831,4361565,1057614,0
563,2342670,5.5,152611,12,7927776,3257741,1280462,0
560,4044612,14.9,3214754,60,3872997,4894448,1319964,0
816,4774281,4.6,3113838,36,1398189,4613295,1807429,0
351,1406804,4.8,131478,36,3309940,4798558,2155146,0
719,3323814,18.4,2824392,24,2042468,1962189,596400,0
421,1110488,7.9,1676933,36,4202294,3169070,682363,0
356,756314,5.2,2204692,36,1887326,836367,145190,1
616,1894507,27.9,912424,24,3194647,4471359,1579033,0
886,4448447,1.3,3270604,120,7263532,1590095,2006404,0
742,3509483,17.0,1647404,24,658941,2240042,630264,0
757,2548473,16.4,3368334,24,6109507,2971490,2135463,0
731,1557528,7.5,635672,48,625522,3936678,9232,0
772,879867,13.6,2372218,36,3658638,3658666,2599454,1
608,1499671,2.6,1275110,48,5346662,4776673,2070791,0
376,932912,21.6,3865415,84,7643385,3564912,2049803,1
804,1098011,6.7,2249700,12,2000659,3981393,2121795,1
570,3500163,5.8,2892862,48,422267,2862273,1075912,1
600,836953,9.4,390444,12,6006790,2078827,2987169,0
522,427388,27.1,2723658,12,7149363,4566700,2239713,1
409,2803234,23.9,449258,12,4520461,1888796,543046,0
856,1575650,28.4,1477616,24,483418,3101586,2767208,0
769,2382681,19.6,928789,36,4005373,1457714,2218741,0
686,870980,19.9,58921,120,3129045,2411951,932650,0
541,1207893,14.4,2365837,120,3611848,1835317,2843903,1
794,2317172,27.2,1001723,12,432039,1291823,745093,0
627,3512108,15.3,2074693,120,2538817,4102884,1933741,0
566,2188898,10.7,3067486,60,7991752,3836411,2010381,0
570,2800238,19.2,753723,48,366359,3507502,2889422,0
436,2705007,16.4,2853992,84,7315116,415094,1710303,1
355,1490530,3.7,1223269,48,4140245,1249396,2983323,1
633,1542254,11.8,1357537,24,4678392,1090334,852976,0
833,2243475,9.4,2329133,48,7468133,3557676,2404874,0
338,353809,25.4,2521053,84,1742756,4462226,736144,1
815,3489896,11.4,2638814,60,7875246,1896977,2997858,0
797,3149053,24.6,821385,24,2214222,1651609,2291156,0
466,1669438,13.3,2339474,120,2792709,2788863,1877474,1
679,1993846,22.6,1091329,24,3596347,4938229,199119,0
399,1777764,4.1,1143835,84,4812295,1851846,1491167,0
755,3326408,27.7,3792262,36,2582241,1391634,432084,0
721,3846657,14.4,448640,12,6344858,2608147,2752909,0
513,721601,7.8,1682063,120,170511,4579474,1137383,1
340,2183931,7.2,1785221,60,5332831,3649020,2492868,0
883,266131,8.0,1017701,24,5250048,2591228,2718295,0
567,2370800,11.0,3152187,12,4276429,3655653,330336,0
836,1391812,21.5,1974078,12,4907423,75647,2277764,0
707,1811856,28.5,2891652,24,5981465,3765913,908168,0
767,2391427,20.1,1578713,120,7234486,488123,326309,0
756,1753874,16.4,3592249,24,1747057,1955194,781935,1
416,2091545,13.5,2931640,24,3814832,1749452,1649853,1
518,3870900,24.8,1366091,84,4497515,3452477,2565785,0
580,4089453,25.5,3850359,120,2757672,1200127,2074965,1
599,228143,8.8,3466977,24,7790874,1193558,699736,1
326,2013621,28.6,2387363,60,4092137,4421308,887998,0
628,4265054,11.9,114973,48,4741196,2387142,912134,0
392,2746118,24.0,2385031,60,1557560,3707329,2208140,1
746,1185346,29.0,2778835,36,3326333,2915535,1556366,1
710,3048875,21.1,1491094,84,5004323,3099486,71723,0
854,895658,4.8,618383,120,3426762,3432411,228358,0
747,304790,17.6,2280292,84,6160263,3337960,226871,0
520,3235643,3.6,3215975,120,1093790,4559980,2883689,1
881,2672640,23.7,1311349,12,1227693,3924565,1514015,0
546,3831207,8.4,1852427,60,2711917,1523843,1473188,0
495,1855190,20.9,54313,120,2547066,847745,2283243,0
844,4300560,27.3,2830231,48,6523627,4226430,571301,0
522,2222145,5.4,3471080,120,6942408,1862690,94680,1
345,3742494,11.8,3116588,36,3775664,1555621,812462,1
582,681379,19.4,1746304,120,4044254,555448,625485,1
778,666330,12.6,228148,120,2354962,2759547,2394252,0
413,3957539,5.2,1993750,60,4254693,2560514,2455189,1
578,4203133,0.9,3764674,60,5651751,4140500,1902020,0
378,4723541,12.2,379828,48,5779266,3743149,2729962,0
712,1758187,19.5,895016,36,7751748,3615748,1393878,0
585,306890,17.2,3356587,48,4623143,2692401,721217,1
498,4903542,4.7,2294395,120,2722547,4314349,994804,0
436,3086589,13.5,722831,12,556638,4916523,424948,0
639,1386183,11.1,145828,24,5503314,4074406,2702053,0
702,3866452,8.2,1671953,48,6431694,1739913,1812557,0
865,4538701,21.9,2399932,36,4419256,1381736,2317694,0
562,1567076,9.3,3369049,60,7382689,6587,844762,1
396,3894410,16.2,3540969,36,2535289,4964684,2154336,0
800,3980267,27.7,1858243,60,426217,3663253,991540,0
678,2608083,16.2,1718806,12,5065173,4684993,1338001,0
720,3235304,18.5,3728052,36,969998,3938209,1955470,0
358,1493695,2.2,3118689,60,672927,2150873,2943481,1
487,4659981,5.3,876791,48,5615802,725153,1674596,0
761,4918899,3.0,2741025,60,3475188,236047,2130211,1
800,4908824,22.9,2875170,60,4835792,3960570,1784083,0
561,3738200,25.1,973926,36,5981713,1517483,1270874,0
783,403261,5.6,3913095,36,3060136,1896463,2797705,1
805,1958985,6.6,1222532,120,4888642,4180763,2881657,0
532,2335701,9.7,2220974,120,4313989,2406457,931293,1
839,4807244,17.7,2000227,12,4640159,4754353,2687175,0
473,2825541,18.7,2784127,60,5626709,2733022,1353668,0
443,2773611,20.6,3611541,48,3043059,4158360,2219896,1
710,904367,27.2,1603245,12,4035812,629651,1551268,0
682,4009859,8.9,1568897,60,4729157,1983716,2300989,0
383,1814172,19.8,3017783,12,1121506,915534,2614718,1
800,640985,16.8,3811475,36,1692677,282682,1270882,1
420,4940708,9.2,3640053,60,715488,4958237,2102163,1
783,1112340,27.2,3023395,84,1584192,2587914,1522052,1
304,277906,2.9,2827070,36,3510870,1768456,2397194,1
778,573619,21.4,3086479,84,7500963,1881912,574642,0
772,2372038,21.8,3746919,84,7383078,1204621,2187195,1
768,693938,27.5,92025,48,6102812,614862,1786189,0
699,4244743,15.6,2375178,24,4462233,4566841,1354252,0
583,2659750,9.6,184432,60,1620199,529266,1109750,0
723,1754726,24.8,2329693,12,2865760,1923444,2105003,1
466,215119,23.1,1609151,120,6130236,765184,1042315,1
769,2503033,15.0,1253278,36,7269650,4648067,98710,0
633,926259,23.0,3569409,84,7700030,1029118,2844685,1
575,4894620,8.0,2853029,84,3109057,1969851,1343610,1
603,1597224,17.7,2291292,48,3893035,3768932,494350,0
641,2479409,26.0,3533713,120,4073172,2851206,677067,0
322,289382,9.5,436708,84,449989,1908517,2489921,1
384,828422,14.5,2602949,120,931994,2818415,994855,1
447,1195935,28.5,667162,12,361761,2184691,844405,0
368,448263,23.9,970505,48,5899208,1446562,1461955,1
564,3684770,26.6,781367,120,1794787,2991907,85966,0
701,4738000,11.6,2199231,84,5602424,1826320,1680754,0
693,4929706,29.9,2534723,48,3002208,4800668,121389,0
583,1475885,4.6,3035953,12,6353952,2315894,2506803,1
813,3985983,15.6,1790464,24,924238,1172172,1287532,0
639,2619507,14.4,3760486,60,2601530,3228563,654660,1
347,420115,24.0,1525625,60,1638545,2797406,1363383,1
759,635368,27.3,668554,120,3488426,3719161,526717,0
645,2829376,21.9,194233,12,4495866,2308616,960753,0
681,2233545,18.8,553613,36,1346733,3596463,392195,0
639,240231,12.8,1808219,24,5335978,292937,2006339,1
632,4664507,15.3,1681127,120,7716039,3451246,2928398,0
354,3705617,15.3,3424201,24,346291,3767243,1456028,1
636,2611582,0.6,546164,24,688618,2482036,295792,0
777,4937572,15.1,1086200,36,7617714,171497,222339,0
482,4861449,25.7,3922695,12,5192107,2834235,2496481,1
662,4874969,21.3,162828,60,7357146,3906539,1044213,0
318,1442411,23.9,1726002,48,5642059,2307457,888270,1
508,4428277,11.7,833032,48,5738588,470845,305888,0
562,2621817,15.9,2157762,120,1261891,1974792,1991210,1
890,3684977,1.0,3895932,48,4094643,4970441,188747,0
428,4325748,11.5,946996,36,2922586,1353840,2712451,1
466,983967,14.2,1512950,36,6669012,2647159,624920,0
545,2351611,7.7,1824048,84,345012,1776066,207145,1
896,818716,0.9,3204049,48,145338,3561805,2101727,1
812,1541539,20.7,3939542,24,4452866,2142648,1062536,1
320,2184880,13.1,431317,60,7763545,1921533,2088005,0
440,4306282,12.5,1980314,84,7959506,2896897,119348,0
793,4340796,7.5,3022766,24,4748357,2858831,2584168,0
335,2071469,16.1,84854,48,3439080,2499375,929261,0
814,1780136,13.1,3234132,48,2183385,1291137,2269258,1
469,2747472,14.2,1007983,24,7920066,539744,2806999,0
851,4576980,17.4,2097677,12,1465872,3452528,1606487,0
476,4887330,0.2,3914897,84,1009803,1699868,1002148,1
561,1288468,27.2,2558795,60,4066725,3064022,937836,0
697,1095120,2.1,3956817,60,3139635,1880967,2059055,1
375,3592518,13.5,2433699,36,3966453,4269844,17434,0
634,1646723,6.2,881447,48,7215720,3534630,440668,0
603,1158859,15.7,2785857,120,2158488,2019751,1941413,1
771,349134,8.4,2480293,24,7013564,1664460,77038,0
898,2135417,25.8,1277323,60,1694088,3745136,869139,0
699,2080821,11.9,353787,12,2588732,39779,1943043,0
545,2902680,19.2,2610422,12,35624,287998,750300,1
544,1160880,7.5,2330895,120,5428885,421683,2792195,1
551,3628957,0.6,3105829,12,6867688,1729382,2924477,0
789,3464168,12.1,547386,60,7089282,2484992,100789,0
493,2419275,16.1,2178048,48,1339680,1464301,522720,0
400,1070343,13.8,3283713,84,6135020,942477,2722284,1
500,2633389,28.9,3570420,48,1130690,1564829,97304,1
313,3439101,21.2,3761322,60,5027810,2473112,1459968,1
363,1989037,29.9,887233,120,5619188,1487036,2848172,0
354,1464682,8.9,733298,84,1220605,2871027,1765643,1
763,2631229,23.7,2325231,84,884101,1911065,918020,0
734,1905045,16.7,1877713,24,584021,4667190,19075,1
718,2122462,18.4,975610,24,5666887,4961678,1180260,0
577,1874531,29.6,453069,48,4916978,3277900,1625694,0
730,1656632,19.6,617363,60,954788,2774003,242804,0
396,3640409,27.0,1389603,60,4002205,155203,1584721,0
841,2409162,21.8,2970984,84,6366447,3112687,1212196,0
601,2439244,3.8,307136,12,1904293,1903652,977490,0
863,3334812,21.0,465529,24,4845096,1449679,2916664,0
391,1934235,14.5,1094959,24,2342158,3967285,2681059,0
598,684963,27.6,3501280,48,2088107,210903,2082059,1
718,4292589,24.2,3961384,60,3136697,1302812,1772602,0
597,467383,3.1,1788659,12,2817714,3871026,1421475,0
568,2945363,4.0,226182,120,3964167,4624866,211035,0
399,1475943,2.1,97157,36,1643255,2573058,922415,0
528,1226388,14.8,3442925,60,3122072,2645054,31292,1
443,401390,2.4,1806872,84,4979064,4835305,1098132,1
481,4520439,21.7,355937,12,3098333,462238,1420909,0
710,2260185,16.6,3342036,120,5251200,2404790,1833685,0
678,1844721,25.1,2139538,120,925862,1208352,1064873,1
664,3757897,8.4,1431545,120,1101287,2383993,763350,0
517,387101,15.6,1835873,12,6924724,4531496,2130032,0
876,2909844,3.5,939021,36,3694596,2980529,455842,0
352,2574081,26.5,3729641,24,4873233,4957299,376250,0
505,2856501,5.3,3161667,48,5918366,2525163,2088686,0
370,794902,3.1,836247,120,1168817,4315080,1757602,1
503,4772188,6.2,2952864,84,7778101,848534,2608410,0
878,1344639,24.2,759744,84,3390995,1603383,2216801,0
520,3456562,3.2,1840484,36,7117690,1369442,2704617,0
846,3786132,18.4,3007421,120,3333727,3844095,1993162,0
597,1851122,22.4,193670,120,3244579,2565310,2524256,0
720,827608,22.5,2916592,84,4804967,1111138,507488,1
574,1624016,5.7,942497,84,1527176,864099,1591799,1
459,4073333,1.8,2811768,60,4870957,1922611,2833593,1
759,4551177,13.5,2021714,12,7866495,767589,2366493,0
882,4697155,6.1,153202,24,5161777,3485841,1209221,0
458,1286293,21.0,3059459,84,560524,4241483,2779068,1
768,3111354,10.7,1076841,36,5583225,4844507,937534,0
456,924972,13.5,3811662,24,267209,1178498,70087,1
730,3609724,3.4,3367586,120,826832,2195991,2389719,1
774,2196165,17.0,811696,48,2276644,2519337,1236295,0
570,3625216,5.6,2423390,120,2439377,2479182,102909,0
742,3488608,20.4,1480029,24,28399,2266041,612376,0
463,4965479,2.1,2428670,36,138782,1100842,215905,0
347,2545488,29.3,2250162,36,6313873,559722,2990307,1
357,1839383,20.5,1218870,36,3637132,2016114,2543115,1
568,2728426,5.5,2623042,48,1598549,461233,2788698,1
842,981711,0.4,1077683,36,3435441,315093,2406558,0
376,736449,10.0,3634018,84,5543492,2620710,1691204,1
573,2692003,4.6,3788892,36,5874616,4292930,887639,1
723,4161950,6.6,705332,48,2305137,2702927,2006630,0
421,2759599,26.2,2924634,120,1336935,116672,2856307,1
733,3953234,18.1,3721036,48,7674752,4202154,1381555,0
483,1053980,5.3,551121,12,5051956,3417623,87751,0
786,2357076,16.7,2971539,12,7863639,1515615,2527277,0
648,3142925,7.7,3753943,48,2453553,1366108,564119,0
628,1868843,29.3,939148,60,890126,4497824,547712,0
406,267798,1.0,2350362,120,3055332,2380547,1850621,1
578,552549,22.0,3201487,12,2622789,706167,2396770,1
814,4652809,23.2,1366781,48,5754295,1407792,2379020,0
311,3104658,2.0,989391,36,5729006,1322136,2603863,0
755,1469956,5.2,1618701,48,572384,2000353,2650893,1
596,1442331,11.5,1374786,48,4701948,1729024,384906,0
732,389889,26.0,2915348,36,2742263,2733889,901526,0
698,4734932,16.1,1515168,12,4919091,1615744,2160381,0
559,719597,19.7,1536277,12,3130586,3204467,1172414,0
485,3845393,23.5,3780802,48,4299381,2463406,2147963,1
677,1353195,24.8,2336042,24,5725995,4701431,1364482,0
384,1811006,14.3,3720976,36,2347112,4140580,1354210,0
651,1514749,15.3,2856473,12,1593795,1661004,80921,0
356,4157702,21.5,3546564,12,5647949,210801,1824981,0
690,357488,7.9,821731,12,7579304,2924288,2591908,0
677,1890987,25.6,3755826,36,3552042,1691533,2456021,1
350,1540903,0.6,3779754,24,7982096,4508611,1013845,1
755,1510186,5.9,211035,24,6551281,2028371,2030228,0
549,1126120,24.0,1456882,36,7905644,1451159,597835,0
772,4579745,10.2,1682502,36,2397700,1696790,1900640,0
325,2017380,4.5,1706530,12,1182846,4325250,1227591,0
407,2207386,5.6,3124692,12,5310933,562650,2780096,1
596,2048805,15.9,2809132,120,6955154,4787776,2131690,0
413,4905044,25.4,890890,60,665184,1167229,219927,0
498,1827237,2.1,2454701,12,5125780,4237469,2612747,1
697,1840097,0.9,3899779,24,6970235,2721616,2172444,1
386,1774034,14.0,1788473,36,256114,2849303,646129,1
707,1769441,28.7,3716443,120,4127943,1022909,847652,0
362,630710,8.4,2616481,120,615877,3610578,517839,1
405,3100524,28.8,3703596,84,1411513,3242840,930584,1
653,320983,26.6,3616172,12,3890792,2405329,2831349,1
776,1284569,8.5,115863,48,2619332,2288917,2706675,0
402,1170148,24.5,3211121,48,681089,2986279,1652679,1
480,1599147,20.6,796911,60,6405942,2358965,1086607,0
855,3831918,15.4,3305823,84,1623699,4872371,1097316,0
894,3077586,12.7,3241662,36,6961815,206985,2870849,0
649,4955887,24.5,1070713,48,1413942,1255603,597958,0
568,1885757,23.8,311561,24,4157707,4254854,2272553,0
508,4656926,22.7,1706643,24,5816282,3962736,2985744,0
668,415583,29.9,1246755,36,3842492,1739753,2565866,0
655,2620253,14.4,2237586,84,3336784,2531166,2157553,0
477,4034473,24.2,373976,48,6005878,135064,2699419,0
313,2752755,25.9,224553,60,94227,884366,653656,0
391,4679890,6.3,1776712,60,6609517,4722486,2951215,0
876,1709991,1.3,3090679,36,5519173,3217677,273778,0
551,359997,12.1,1294151,120,6118775,193015,41517,0
589,3914910,25.7,1327680,12,3367740,3962135,597847,0
580,526419,8.7,697881,120,3075424,2017784,1826789,0
770,3870832,21.0,1166254,12,4575353,2843779,743228,0
339,3720403,0.2,1230160,36,5135406,4284264,1900534,0
349,4252508,10.7,1074203,84,7401556,4187164,333257,0
465,2498845,18.5,1407538,60,6858880,682279,2091214,0
592,4498422,3.9,1169348,36,431130,1829343,688954,0
703,1015192,26.9,2739234,120,1214085,1363078,1570405,1
594,2284876,4.7,1385158,12,7572936,4568842,350339,0
565,784805,27.3,3031290,60,3105093,3903628,2910722,1
863,3881003,6.5,2439057,48,4642270,3241601,1133195,0
396,3628507,29.8,2579913,24,452951,292504,1814146,1
643,4070714,18.1,2355083,120,837052,4015797,1458586,0
625,3868848,2.5,3695318,84,3271018,2804549,1785900,1
584,1680606,2.0,1060061,12,5738599,1364925,1365855,0
785,526719,2.2,3930422,12,6178257,2213575,219473,0
460,4660363,17.7,865376,12,7157478,2230642,2487631,0
873,2565527,24.3,596006,36,1576227,1480455,1927414,0
499,652839,12.1,3314115,36,1614702,4548087,761986,1
627,4649910,13.3,3589039,84,4335097,4587491,252093,0
612,4972493,17.7,416257,60,4375374,254477,2661282,0
810,2338389,16.0,2419152,12,292685,4679502,997646,0
563,3896436,20.6,2075650,48,3577404,2019908,2724369,1
471,374230,14.2,919441,84,7181200,3999162,2297611,0
312,647700,21.4,2106215,120,1311173,3901594,2879400,1
518,1527517,29.9,2758851,36,6560038,2994454,1979698,1
796,3349902,10.5,2317840,12,3577923,3719074,542949,0
305,840429,0.4,2103043,24,4195274,3406855,106300,0
838,364061,3.8,3548318,36,5132866,4258115,737253,1
626,3410100,16.6,940845,48,5646296,2118486,1317795,0
384,3896898,10.3,2514460,36,5099948,3696952,1871497,0
481,3748221,28.2,1300449,12,831329,4896179,2687655,0
632,4036270,18.8,3895854,36,2362690,4735461,422675,0
489,4053686,15.6,1043610,36,6761676,739744,1904868,0
365,3091569,23.9,3491845,48,321169,2491298,256864,0
700,2693184,7.8,2546905,12,5722092,2550304,1444338,0
704,4312930,24.6,898224,84,4163828,3121449,221091,0
371,1870528,0.1,3046830,36,959739,3235227,1121660,1
469,669839,18.6,1002674,36,982152,4238529,1818449,1
446,3809422,28.0,1086152,120,7845515,2660936,2216808,0
696,1524434,23.6,1411858,84,248330,3508455,2414035,0
738,4898499,25.6,2742847,12,180243,4497378,1573512,0
736,2188052,11.9,1596482,24,133699,510283,776657,1
864,4288607,24.7,2298094,12,5028087,3213223,2739051,0
761,403798,16.5,2234331,48,7411157,1834982,2800602,0
492,3364308,18.6,826685,36,1374040,4529611,2902721,0
364,2351437,1.8,968425,36,6366003,2762954,2375807,0
669,2420490,6.0,1261941,48,5754061,3014421,2333654,0
850,1473024,16.5,928263,48,1838208,3773588,232381,0
886,4861730,1.8,3679009,12,563250,1210010,1717693,0
438,2085128,22.2,1556490,12,3903291,2717838,1221909,1
442,4282303,25.2,1649258,84,648807,3864981,776888,0
322,2240493,27.6,2704491,120,908561,3887746,204044,0
384,431724,3.1,3162910,84,3730334,1139359,639973,1
633,4421177,28.2,2768096,120,6525279,4188048,2745583,0
628,1088526,2.0,2227151,48,7952076,814255,2726038,0
522,1497636,14.2,3905662,84,5022734,1325641,2228407,1
486,4333313,25.2,3604371,120,2212130,4283113,304701,1
798,4489967,2.1,849541,120,2626363,3080491,2059636,0
576,4600422,0.5,682118,24,4900225,2710890,380372,0
785,2244661,0.7,1601794,24,1385704,2785552,2048106,0
878,3833469,15.3,3349721,36,4148793,4846134,101030,0
490,1773477,24.3,3860477,48,6151322,1136586,855547,1
421,3753876,3.8,2825376,120,6736957,1495803,367535,0
872,2612058,3.7,2775535,36,473063,2449390,2800618,1
681,449403,17.1,973101,84,2308717,4227316,1706297,0
474,2205168,7.0,2389500,120,2038453,2742841,2768330,0
673,2445087,21.9,778064,120,4439555,3629550,60899,0
609,1435387,28.5,2181602,24,1482511,4086700,2218467,1
844,1997454,23.0,815312,24,7604989,4460429,1439578,0
453,2612861,26.3,348266,24,7336733,2304947,1406791,0
895,438569,15.6,3870801,84,2660686,2289562,2619788,1
862,928648,25.0,3578827,60,3256772,404579,141347,0
408,3880560,5.5,2757023,36,3515245,401559,2832521,1
398,1889264,2.1,2520746,12,341052,2436480,84934,1
620,3120248,19.7,997990,48,7110507,3745470,1088365,0
326,2915793,1.6,2308086,84,6234958,4189755,414403,0
479,2845848,26.8,3004940,48,2659991,2042479,1569420,1
561,2184359,20.7,2181026,24,4379514,2856277,1787294,1
882,2519912,28.6,1163658,60,3045390,4063097,1926189,0
896,4154780,9.4,1598061,60,1825508,1594326,2394298,0
391,4832239,14.6,3371826,60,2432950,792535,2252911,1
835,1432264,22.3,1055925,120,856717,4604855,2845398,0
354,3413476,7.3,3847537,36,6476251,2730263,1348830,0
749,4854904,16.3,3033522,60,5238268,778257,526086,0
808,236404,19.8,3566440,84,7443096,1259932,467060,0
835,3966666,29.4,2062792,24,52534,1634388,826583,0
434,2584740,22.3,933764,24,5048791,1005619,1808775,0
836,4844447,3.5,184061,12,4483160,2185673,162300,0
369,2975684,14.3,2162937,36,4989041,4063963,2864496,0
611,4223056,17.7,1626423,12,7917666,3689890,2967142,0
582,996869,4.4,499041,84,3120029,4585270,494426,0
489,882098,13.0,3717985,12,1128260,4178734,2342746,1
313,4647584,8.5,3882550,60,99870,1556584,1788862,1
763,2727008,3.6,1526883,60,3936123,292802,1442142,0
501,2880044,15.4,2688789,120,1391500,758332,2203871,1
697,1015897,5.0,1682270,36,1128869,3960179,1726696,1
546,1288305,17.7,2012398,36,1179506,1701532,971044,1
524,4127492,5.1,2514647,24,2215785,3602642,1686523,1
832,1655980,21.7,1694902,48,927056,2288875,407280,0
356,3003978,5.9,3216616,24,3887271,4473262,763082,1
742,1719362,26.9,797916,12,5232379,2540658,2918914,0
748,1464556,0.8,2690422,120,2314580,4502215,556172,0
528,996898,15.7,3933360,60,1090791,1253779,1794661,1
457,4662075,9.6,3407717,12,4579404,3887628,890927,0
303,4712300,6.8,230596,60,685071,2619749,1394315,0
863,752893,14.1,500183,36,5900723,951013,741460,0
869,1895603,25.3,2533498,24,3060652,1169921,1706339,0
444,2906540,27.5,3702141,48,3279637,1569357,1672584,1
319,2039774,9.1,3383901,84,1992181,774338,1852871,1
373,3660995,4.6,3620492,12,2262642,4681599,924608,1
340,1449104,21.6,641411,36,1166884,1063605,1736593,1
799,482473,17.5,2100637,120,4464058,2990867,2186835,1
836,1817287,6.0,2917242,36,1169023,2854669,2159835,1
392,3069709,22.8,2517732,12,5444357,2693804,1703819,1
748,1067067,15.6,3119256,48,2049645,3137232,897447,1
407,4116326,19.6,890611,60,4523495,4578548,1596791,0
520,258794,10.8,1855363,120,4294798,4839461,1610866,1
660,524131,13.2,1819392,60,5067354,4370993,2853882,0
732,2642414,5.4,3762521,12,6064765,2298290,1131104,0
825,2658766,22.7,850678,84,4484787,3637481,967228,0
326,1615445,4.7,1339166,84,6822213,929421,2249649,1
418,1441074,23.3,136807,60,2072031,4411262,1905810,0
468,535098,23.9,649416,120,6011343,977548,1281300,0
486,3382038,22.4,3924568,84,2743744,569174,151,1
899,2019326,0.6,3398341,24,5025706,4143608,2114733,0
767,769651,8.2,1073628,36,3935980,3787720,2210771,0
492,2119227,14.1,2823172,48,7260997,691878,2791005,1
884,4697847,17.9,2392778,48,2169681,4828201,1507632,0
600,1453937,27.6,3630986,60,4157894,558085,1545336,1
600,4494698,11.3,1235989,60,1315851,244884,625155,0
560,1441968,26.3,3977685,12,5066855,4778889,1379021,1
386,1092677,4.9,1513955,48,295177,1115228,4531,1
861,1451083,11.1,2881591,12,3292964,1173924,1502170,0
308,1751676,1.6,1621158,48,79189,3969842,2120832,1
404,778923,22.3,2702557,36,2619073,3035933,2357719,1
438,3020648,4.5,1373434,24,3872385,2600236,1988102,0
467,1800552,7.7,3381016,120,2653694,4940254,2416209,1
379,3646699,23.3,2567729,24,3087330,433091,1996222,1
310,2556750,16.0,1190655,12,1186538,4628628,2339537,0
707,2324749,0.4,3845699,36,5716992,1339790,1312364,0
882,2460775,0.1,2851250,84,3637927,3113080,1806563,0
373,950198,15.3,1743107,12,442944,1620298,1917892,1
478,3621826,9.1,586746,48,499214,1465474,1717661,0
604,699927,5.4,3894641,36,5397482,1605313,1714004,1
857,3663339,18.4,3032224,120,7431378,2795171,2345581,0
717,4998874,6.9,2687799,12,6915682,4388364,716685,0
760,3867191,17.8,3340793,12,3243939,562433,950618,0
649,2385690,11.4,2448188,48,3979427,3310182,1556304,0
550,1709483,5.6,966420,24,1304713,4301172,1936199,0
420,4388153,4.1,986560,60,561606,3674587,1543778,0
819,1434517,7.1,362346,24,6126250,4900713,598211,0
783,2515405,0.9,298536,48,3427340,67850,2470869,0
315,3900192,9.2,2928277,12,3974979,1812549,1637441,0
729,4627317,27.1,3415143,60,2745813,2137560,1300467,0
350,4620589,24.9,697484,48,2505254,2678091,2634207,0
744,621245,11.2,2317225,12,7884315,1589103,1308256,0
796,4511664,17.3,539449,24,6529699,1265958,484524,0
378,747292,17.0,1686935,12,5530122,4259627,2953214,1
560,3005486,24.9,3173403,12,3113232,1163006,1147860,1
374,4662235,7.1,3257271,60,5770879,4769349,2683392,1
640,3343070,8.9,3797574,36,2713796,185214,1550558,0
857,4747967,9.1,1276792,84,4126615,2116704,726858,0
348,1852803,1.2,3797500,24,1160220,3046946,1129673,1
538,1710644,9.4,3145288,84,5675314,4865304,2730880,1
884,1765835,26.3,1387569,60,483918,3822877,2834047,0
480,1904791,27.4,1345457,60,5780568,71796,413900,0
379,3477469,3.3,474872,84,4829476,3742835,2961352,0
593,2371761,13.7,3687481,60,530871,1628597,2560174,1
605,3739662,11.4,853055,84,4048801,4299461,1943137,0
698,2197576,14.7,1108469,84,1780852,3874656,549970,0
488,1677081,16.6,1681042,48,3809065,959760,1759655,1
874,1112217,0.6,593338,84,103740,1800498,1276810,0
613,2845076,25.3,3233599,84,5774504,4105490,373468,0
472,4512202,29.2,2807482,84,4078459,4604812,2951765,0
877,4323039,19.6,668674,60,2898254,3018133,1810226,0
855,1415876,19.8,693246,12,7006399,1092324,291146,0
599,2492644,15.8,136886,48,5159463,1947925,1025157,0
314,3585308,10.0,3799984,12,4876436,3978334,2519364,1
658,3139636,4.5,1771347,12,1176981,2991900,1326639,0
633,522347,17.5,2639443,36,4001660,1008511,1484202,1
389,3037080,1.3,642391,48,5604948,1428053,427419,0
681,386006,24.7,961899,48,7407727,985524,332974,0
805,759195,12.6,2188885,120,4833990,2345736,2933776,0
363,3337906,12.4,874834,84,1377748,2228747,2857475,1
734,692227,9.8,2471079,36,5423731,2708886,285935,0
384,1827276,29.1,3699307,36,596834,4724703,1647694,1
750,3024447,5.2,1255143,60,2503472,3257560,2043121,1
551,3346205,4.5,2451039,24,7338446,2927275,2641923,0
303,2339508,5.0,3666888,120,6414323,1831165,1678992,1
880,651301,19.8,3580258,84,7222254,3175165,2607321,0
399,4035702,29.8,80495,60,2819433,4776933,362690,0
658,4759287,7.1,485389,24,5463780,48663,43903,0
409,4465856,27.2,3945482,60,5600210,1748898,1394688,0
860,3792870,8.4,3705300,84,1967833,283076,794522,1
743,2130652,19.4,1321545,12,7540870,1018604,2265451,0
783,4406083,1.2,2104195,24,7758113,334670,1010765,0
559,2543240,14.9,2312556,48,882771,2961560,1221057,0
580,855058,19.6,2690267,36,6122771,4098211,1604592,0
681,4282628,16.1,3013999,60,3581541,4701307,2884368,0
771,1736772,7.1,1522858,36,5391157,1184260,215598,0
809,4705768,24.9,3565236,120,4435261,3497040,1657727,0
310,1968052,29.1,283604,36,1783290,1644191,1166901,0
698,2778429,13.8,178116,36,767701,1578997,108017,0
365,2443494,19.1,3833992,12,4104713,3049764,2443915,1
473,1624969,23.7,749842,24,6697752,3395007,2741956,0
798,4211374,7.2,3978664,24,6580610,2919772,519573,0
450,491027,25.9,1179545,84,2198231,498814,2279219,1
778,2450591,8.4,1489960,36,6882082,2052647,2103830,0
578,1970616,23.3,160513,24,2847512,1428467,2116010,0
439,2808279,3.4,3778279,36,4491441,21501,1380988,1
500,1421836,8.7,1469230,48,2595000,203196,960582,1
618,3390042,16.0,712519,84,4182351,2248013,212115,0
759,2052422,15.7,1959196,120,4235164,502175,104755,0
664,1103028,25.5,661003,12,5581471,3694413,532122,0
860,1145406,29.9,3169615,84,3774933,281313,1583566,1
821,3543226,3.2,338791,36,4225991,1176196,423092,0
752,1457102,8.1,2021927,84,5210762,4928405,2059798,0
662,1674814,10.7,1595514,12,3341448,3541790,1859154,1
474,3209371,14.4,196856,60,4195198,2786955,1033736,0
547,1782963,14.8,256593,120,683352,75764,261973,1
371,2063138,25.7,2098718,12,6958577,218408,1552242,0
524,1373497,23.1,1608896,84,1008397,4540039,2469141,0
856,1857840,0.6,562498,12,6983638,3996871,1181265,0
555,3525342,13.7,596642,120,6082204,4750196,2419978,0
368,2762747,18.5,3229062,84,7581298,4040643,858620,0
691,4988163,13.8,2935585,120,197312,12307,240186,0
878,3904931,3.9,2450765,120,1737324,4027828,1949951,0
821,280793,11.9,3341783,36,418440,2289092,2664592,1
464,2018566,12.3,323761,36,3340687,3461752,2650893,0
572,1591283,5.6,2766871,60,7237149,2069110,2877483,1
619,3020094,22.7,3022487,24,6130187,3605043,323295,0
448,1475155,9.6,841952,36,5631977,4209417,130404,0
461,4837773,17.7,2168658,12,6787203,4872584,1708488,0
442,1637005,15.5,3079051,120,33701,2703608,2850989,1
897,2705505,26.3,2433716,24,6301312,1395050,2993740,0
748,789974,3.7,1035526,36,2496347,3056827,838386,1
805,4567029,3.4,2675764,48,5527439,2499297,1125574,0
790,4576882,9.0,3049980,36,6106548,1012530,1994286,0
876,4009629,12.9,88353,84,5486005,3622802,2740822,0
363,1887817,9.0,2291220,120,3340806,385323,524447,1
829,481849,22.9,2043223,60,4892730,2015866,2926997,0
340,3612637,7.4,1498514,84,3750383,3461656,2452368,0
585,2259675,2.5,224737,12,5026527,4605269,204296,0
657,4953801,12.4,379794,120,3670392,3103380,2525740,0
515,3551929,23.2,3013161,12,3152443,4896316,1924896,1
387,2785444,25.5,3318663,12,1617075,4161644,2935025,1
415,4936218,22.0,1706063,12,3099566,1180817,628139,0
795,4042258,16.7,3761629,24,5771132,4223418,2977601,0
491,2400206,21.7,3714263,84,6961996,1680815,142697,0
486,290501,20.4,2680375,36,824050,1004099,227573,1
854,645370,7.0,2344646,84,1462374,2691807,1343143,1
386,2329845,16.5,3859940,36,4058009,3397353,1973891,1
850,2897644,23.1,2458704,12,5620624,4570042,500756,0
853,344729,9.5,3739741,48,1359646,4717020,819138,1
659,807506,19.6,3916980,24,2599048,4006321,1169602,1
399,3580617,14.4,818703,36,372262,2793564,376733,0
393,3807294,15.1,2659681,48,420728,4412125,527918,0
471,343094,2.7,2938289,84,1145951,530311,446386,1
647,2636850,20.0,3289329,60,5833392,4979205,2862117,1
392,588677,26.0,1429754,24,6954680,1019440,2809312,1
573,3672471,4.2,3453335,84,3990816,2017529,1885700,1
369,4203553,11.0,1975694,60,1409181,4537896,2050948,0
624,4372937,1.5,1577989,24,7371475,3584674,411274,0
312,3071239,0.9,670013,84,2226953,4248999,151382,0
726,3218951,29.7,1318750,84,1237526,3440339,1130977,1
333,4647637,14.8,3900379,60,1104758,3005396,2952691,1
417,3139709,10.7,2878986,36,2824553,870713,1433676,1
404,2342117,8.2,2918243,36,5884361,4981084,2423437,1
799,3821938,29.4,3587818,48,3176866,3182743,1109557,1
332,3036028,7.6,1104288,24,3563593,3341069,927538,0
557,4243784,21.8,2663118,36,2722207,2140446,2436409,0
655,2718563,8.5,1517313,12,7549081,4760252,1412600,0
610,4371459,2.1,3399563,24,5468823,2253178,2195844,0
709,415348,20.5,1718807,84,5314597,951772,2179728,0
782,374864,0.0,3426774,12,3500942,900690,2181263,1
536,675385,20.3,3002758,48,4251114,3492050,2028096,1
797,2869713,7.5,3099215,48,7079948,3723697,2428284,0
491,3603085,22.4,3706505,12,5253048,1029913,1389243,1
891,1238092,23.1,3172974,84,6510201,3489705,909540,0
603,947589,21.7,1319688,120,323403,4987935,1537170,0
742,4329661,0.7,2109985,60,6876628,2661451,973793,0
825,3802589,21.1,1916375,60,7605283,4852369,129623,0
776,3312309,29.7,305090,24,5344812,783596,1085450,0
811,2544165,7.3,2393170,84,7651437,2014597,1501900,0
622,2217068,8.2,1777841,84,4541911,2784324,1561170,0
326,298533,24.4,1603709,48,2209119,1790073,1020741,1
596,1102900,4.8,482994,60,4850334,500667,2176432,1
409,4505566,19.8,2041516,120,5026364,2291245,855153,0
834,1827313,22.7,2337204,60,1156940,1696860,1942739,1
442,3581805,1.1,467545,24,1615322,1019056,808867,0
437,3578133,16.6,2558003,36,2331207,1861789,2959845,1
449,1685226,17.3,712313,24,4379774,2090155,1946841,0
686,1180926,9.1,622775,36,1183947,4417127,1670506,0
643,3520000,26.3,1634350,120,6166314,2457596,1287773,0
870,649198,4.9,1586875,24,875772,2077810,2267912,0
550,2575150,10.9,3664010,120,7518574,1946074,1277407,1
469,4462538,25.5,317309,24,5406421,2992349,2409709,0
329,3614381,5.7,1429964,48,2713735,1377952,477561,0
304,3868210,24.6,2951359,48,2980308,4373895,2460598,1
524,599684,2.4,1036681,12,5548042,2093721,2885591,1
856,1159015,14.7,3927201,24,710304,2128797,727780,1
614,1520471,2.3,2984306,36,5731417,319369,671778,1
837,1603095,20.3,3787039,12,4417362,4418518,2864634,0
361,1131591,23.7,3799065,84,1769190,2355764,1218328,1
356,4865937,25.5,481198,48,7178330,682306,2086114,0
800,991781,29.4,1863538,84,5032257,857081,570614,0
364,3599286,20.2,2991110,120,1309275,1824216,1282637,1
331,3016408,23.1,83989,36,5243370,3902560,2109429,0
542,3130506,15.2,1835569,84,3289883,473636,2684536,0
855,1230334,27.4,2768190,12,6112609,602610,1308386,0
714,1676617,19.3,3181901,48,3936916,2804648,225421,0
359,3111192,26.5,1689490,60,7999579,2495039,1240950,0
803,1635800,7.1,3458910,48,7418596,4786411,1928736,0
806,3531749,14.9,2710900,84,321858,3760060,2625285,0
781,389713,21.9,229707,120,3287712,3284759,2501623,0
842,549538,6.1,1146980,36,1618440,1679428,2278440,1
444,3696713,6.3,3754778,24,3601991,3130378,495907,1
888,3160444,29.3,59512,60,1160627,2921852,1559625,0
492,407241,13.0,476721,120,4285339,1390793,1728331,0
782,4515389,5.5,1410760,120,1235472,1854370,1405771,0
648,223315,9.9,3975555,84,4985146,4655534,2769123,1
768,4786652,11.9,2833930,24,3633989,2690035,2879705,0
677,3701577,18.7,633259,24,7944150,2357674,630685,0
686,4943072,27.7,1602797,60,7028293,3983253,2869387,0
670,4754594,29.6,3761193,36,4801732,1335010,2539511,0
768,1703003,19.6,915738,60,3589786,1098038,2114313,0
744,3831215,21.0,2323153,120,5726994,4938500,1144325,0
380,1212380,9.7,1882827,48,5347843,4016368,2280444,1
796,2463873,25.7,3053815,36,1114673,2115620,1758512,1
622,1352519,6.5,3021777,120,3011993,4731359,2697279,1
494,2533017,3.2,3341473,48,7937406,1857495,2133799,0
609,4387239,29.2,521760,60,2557306,3376042,2892927,0
881,2293455,25.9,1842685,12,106015,174806,1257691,1
815,643491,9.1,2782421,48,6673882,3488051,246824,0
801,1758289,20.3,1705048,36,7462732,891475,1475915,0
578,3975310,14.0,2686009,12,5244380,1206841,2992017,0
771,2704228,9.7,2561270,24,5079928,4045957,1965148,0
531,2888898,8.6,1514414,60,2807162,1027673,2109067,1
712,2269525,4.1,445498,24,2875117,2413476,1875988,0
684,1605338,16.5,3882828,12,7313283,4603188,1778235,0
450,3071206,13.4,3312683,12,6864469,4774374,184077,0
460,3238825,15.4,3584086,12,3988093,2219867,1239501,1
336,4510977,6.5,1234298,48,2504868,419429,259343,0
384,3165351,28.2,1298838,48,1506198,1434623,1009170,0
560,4976046,19.2,1327580,60,87204,3079717,2159470,0
587,4167570,27.0,172809,60,3865775,1684890,2412631,0
399,577967,3.3,720333,48,4430884,3599921,670835,0
550,2082424,18.7,1267804,120,5397596,4962522,1963305,0
663,2046481,25.5,3950121,24,6440785,3105916,679428,0
439,214499,9.9,858651,60,2936901,3124118,602115,0
503,1067389,5.9,2055866,12,1334399,2649388,2879992,1
520,3858503,8.0,2211645,84,6750278,932475,1829733,0
603,1890178,8.2,1471225,36,6099695,2891492,592510,0
520,909817,13.4,3679041,36,4265152,4659442,423498,1
742,1579870,9.8,418244,12,313361,3447748,148489,0
496,1518574,8.1,3487834,48,3742118,3761285,1490624,1
560,1037778,19.5,2987710,36,4954285,4316318,303682,0
528,685721,1.6,1258025,120,6869692,1937396,1750373,0
409,3867565,10.2,3082509,24,4065478,1681723,1301308,0
712,4157710,20.7,1742960,36,3703342,4849581,1907052,0
441,2582186,5.3,3884105,120,3039823,2298270,622505,1
478,3154228,6.6,194341,84,3315281,3668144,435786,0
776,4612379,6.0,167483,84,130977,3179548,302333,0
870,4244784,0.0,2199446,48,829731,617937,286795,0
703,356443,14.2,3729271,120,6050078,1571080,216906,1
850,4774187,1.2,300303,24,2899935,1631044,776124,0
813,521494,8.2,3122795,84,6806517,893914,2401303,0
589,327546,29.8,3757495,60,3176386,3895302,1821090,1
762,2135713,27.6,1971180,36,7974849,4830844,751096,0
497,3780095,6.5,3474389,24,1444978,4831301,2795049,1
576,585331,9.3,3039916,48,1504534,973644,2283193,1
621,1606348,13.9,896041,12,4702586,2247575,2337371,0
877,1461102,25.3,3424008,84,6421345,1163665,2695682,1
809,2107430,24.1,2812506,24,1150736,312521,2237132,1
594,4932943,3.8,99686,36,4022923,3093431,2870381,0
692,1790789,3.7,2293681,24,1789518,4298235,990697,0
421,1203006,12.5,2634786,48,5897425,386841,2568474,1
783,787110,26.1,3215363,36,4488736,3209212,335122,1
632,1150965,26.5,3096553,24,5233962,170238,900434,1
620,839063,3.2,1928826,120,2151868,4215369,2675819,1
760,2953475,17.2,1231004,84,2310906,320068,400178,0
680,2218430,4.7,807499,36,5117347,2178016,1502561,0
343,2590392,20.6,401568,12,2823416,616318,1021644,0
473,4194304,27.5,2577382,84,5524105,2060774,301532,0
406,2986104,13.6,3841093,60,1231799,2145984,707805,1
741,944814,2.5,367107,48,2410323,2699531,1604906,0
321,2008329,17.4,2825705,60,813412,4146304,1892099,1
421,1700383,12.3,2359123,12,699101,4982491,2026231,1
659,4168460,24.3,728955,48,2099448,1709859,394426,0
717,1673714,10.2,890184,24,3915615,4616416,959700,0
602,865186,26.2,1173584,60,1155392,2137657,312463,0
817,3732827,8.2,2755499,120,743187,591545,27746,0
852,2256285,4.7,1229729,48,7018281,3001256,1171646,0
379,660141,9.2,3320771,60,4121885,3613795,1864821,1
872,3510857,1.0,1510533,60,5724599,1510722,1112410,0
669,1210455,8.4,482622,120,5809743,2948444,120286,0
682,4367535,19.8,427126,12,812802,2162689,659894,0
357,4195809,4.3,1631061,36,4962638,725112,1298380,0
673,1973944,3.3,1661204,24,6885421,1931558,1067244,0
736,2866858,4.0,2947411,84,3586141,2137446,2474326,0
649,2925179,2.3,1940365,48,6896131,1709418,1793954,0
350,3336450,26.2,696627,84,7566869,4575684,2996543,0
614,531871,28.3,892469,48,4371293,1941966,526501,0
862,1759269,1.4,2287769,120,813977,3131054,1110909,0
734,1017531,22.8,1369962,84,4939703,55588,262028,0
382,3547983,22.1,2703764,12,7040012,1566581,60380,0
876,531863,29.9,3695913,120,4634532,4431304,2771941,0
876,2681408,10.4,1451435,120,6401031,4462318,1478709,0
401,3693829,8.6,2229912,12,4282870,4886734,1979428,0
781,4752212,13.6,3336330,36,3357909,284351,828826,0
544,1582688,25.7,880890,120,7564631,4312481,154612,0
656,238270,21.9,2067100,84,1222937,1338187,2678325,1
567,3673978,14.1,1255719,48,3580858,28711,1975253,1
770,207423,7.3,2526630,48,1246934,462411,2134510,1
898,518711,21.8,2985172,12,5237724,3754428,1600150,0
777,4954370,25.6,606447,48,7374447,2959452,1212970,0
859,4340230,12.0,790491,60,7982293,2865501,1266823,0
868,3596190,20.1,141482,36,1869637,4409991,2286085,0
354,4210545,12.0,97621,36,5820882,470874,681773,0
452,561686,14.4,250456,84,6992926,413624,1023617,0
733,626858,15.7,2841903,48,6669750,4664296,922320,1
654,1643979,23.3,3620485,24,4026362,3031158,1565291,0
330,314031,29.3,1668332,36,1395840,3881086,2902939,1
357,4463902,13.3,3536438,48,3693877,2624053,2768356,1
612,470186,10.3,2932266,24,6208119,726481,1634420,1
670,2811392,11.2,3239986,48,4956090,2613245,600471,0
400,4297425,4.0,2972587,120,3106149,4820208,2821226,1
402,3727935,8.9,838467,84,1720312,588436,939174,0
377,1326576,2.6,2117285,24,5214893,630993,1068983,1
639,2457600,12.8,2125562,48,3426965,1733129,2656781,1
304,2831712,5.0,2584351,48,3776698,2273399,789969,0
644,3886030,10.4,3194663,60,7507876,3143935,1385635,0
586,2245972,23.8,494947,84,73004,794878,2750305,0
580,1568173,7.4,2714943,48,1906055,4669692,953666,1
708,4018523,18.4,3340486,36,7358594,750954,1872946,1
614,4455100,27.0,506308,60,7372669,1000414,111896,0
737,2546712,17.0,1689098,12,2420039,4839029,2986798,0
759,334499,5.8,3587388,60,7953678,1883293,1256859,1
852,2603172,10.3,146279,120,1692642,2860614,2010868,0
780,4468599,17.7,684695,60,415257,2174690,1501803,0
611,4947642,15.2,3225479,48,2456925,1295874,1301932,0
595,2124969,4.5,728593,84,4251033,2533683,1218999,0
441,920622,13.4,2822836,48,48125,3881997,53307,1
660,2946382,16.3,3608984,48,1374554,57174,832377,1
383,4187379,8.0,2019355,84,6327220,4376222,1141978,0
859,4736024,18.4,1964237,24,4973714,921806,1107390,0
807,448398,2.1,1743561,84,4842300,4588020,820603,0
371,1594636,10.1,1522923,60,7916342,4811127,1927335,0
772,2492714,24.1,1551209,48,1827124,4664925,2487403,0
370,671622,7.8,2236944,12,7175048,3254165,2673840,0
733,4454408,18.2,3587406,84,2841599,4527910,2916808,0
352,738416,12.3,3926520,24,7398788,4297723,1949028,1
593,3393027,9.5,3470192,120,6265380,3194662,1233059,0
695,4609422,27.5,522540,84,1706798,4459976,1938487,0
738,3489030,10.3,1261740,36,1675104,1712333,397152,0
551,3863393,7.1,3039948,48,4338557,4173382,2450625,0
853,1463923,27.3,2204841,12,4022023,4627839,1604928,0
765,4171855,22.4,1370587,48,1878648,3176032,495428,0
425,2209159,20.5,1279201,12,2083007,612482,1277493,1
703,494342,1.5,512344,120,7195398,1070551,903293,0
739,1959589,3.9,1363053,60,6029597,843999,1048692,0
500,1879234,19.2,1716637,24,1529232,2665604,151772,0
743,2702927,6.3,1692907,84,5801937,2169138,48179,0
839,1471171,6.8,2217574,12,1231671,4136727,1048913,0
791,2418694,23.4,1128315,48,3560025,1418324,905001,0
758,2254254,8.6,863548,12,97301,827856,2996472,1
681,1769112,2.1,3555696,12,5193794,3078664,787712,1
462,3541899,1.1,1650814,24,1455583,694841,987937,1
777,1666307,13.3,1056265,36,1888603,4526510,2745628,1
518,3875749,18.5,2560920,84,1518102,405825,2579319,1
619,1404094,26.1,2192154,120,1467277,2455157,170553,1
488,4351404,3.3,2326970,84,619921,4743547,257333,0
488,1952227,5.9,924986,84,4435773,2769353,284961,0
394,395343,15.9,2906485,48,6941929,4041598,1379137,0
877,919719,10.9,809559,36,2412136,2115669,1717741,0
388,4070035,14.5,3353798,24,6239983,3774245,1054388,0
351,4386101,27.7,1724999,120,4348632,3537846,38913,0
862,1217503,16.3,1666104,48,2035852,2568164,604748,1
633,3090173,12.5,1584538,48,493491,503443,1843802,0
563,2956864,29.7,1720721,12,6266062,4854765,1117519,0
743,842174,2.0,2678006,48,183281,242949,370641,1
530,2369577,28.0,2011934,60,3377316,1784833,1953834,0
376,3530525,15.0,550907,48,274047,3206693,1840119,0
738,4842205,15.1,2287096,60,6204163,3845709,1470924,0
405,4268799,27.7,1104675,84,7918600,2674393,2820561,0
632,669601,15.2,477874,12,2584061,2006233,2533002,0
870,1340171,13.2,3367728,120,2508874,2036790,119336,0
862,2296214,8.2,1284909,84,4517234,4878420,2714840,0
516,922883,19.8,2400422,36,4015921,1669963,148845,0
768,2939303,17.1,728972,84,3052884,4272873,1445678,0
668,241362,6.4,1390257,12,2927043,259037,2705044,1
588,744905,21.3,1574118,36,1501406,3296928,2945179,1
384,426801,19.3,578895,12,2006040,3402781,67733,0
526,1618341,11.9,3894749,60,4685063,3378447,216062,1
691,3858807,0.1,1280823,84,5875106,2107338,723874,0
892,1050907,13.4,2351787,60,6006647,3453947,829017,0
302,4938495,0.2,2283801,60,4131736,2226340,838339,0
731,1493802,2.2,1746057,24,6024857,2968274,1250134,0
808,415425,12.9,2363152,120,4736115,4467225,956463,0
871,1810367,2.5,2285451,24,2850315,3361958,1748105,0
554,3790741,8.3,366262,48,2826859,3687740,2561939,0
371,711930,19.7,2692853,60,4149694,4844763,1637789,1
462,544938,9.3,501125,84,2461264,1097215,995772,1
811,4276850,29.9,1768066,120,6110229,2939770,1703930,0
827,3042238,27.5,1490614,60,1481572,3285833,1861316,0
682,1847577,17.6,1818454,60,435980,3476369,2688753,1
373,3829162,29.0,334017,36,3929145,661276,2842235,0
373,4252762,26.0,2820535,48,575106,3801105,832695,0
587,1924181,9.6,1703335,60,1532673,970319,2754794,1
653,2893672,22.5,290407,60,3009782,2045189,2450562,0
319,252486,4.1,63955,60,33380,3570746,384523,0
712,1669436,20.5,2183318,48,1787773,1315359,1674002,0
627,3056909,14.7,2681715,24,4358186,629452,456617,0
307,1146083,0.5,2211945,12,2997168,3376824,1471471,1
357,4957975,8.2,2895770,36,7170876,1400970,134155,0
573,4861487,28.7,3039172,36,750024,4131487,898240,0
734,1436563,9.5,3494267,60,5757798,4490302,1764260,0
796,2102542,5.4,3931447,120,4736064,1749188,912206,0
559,1109558,5.6,3544938,60,5153956,3691578,30222,0
477,2618961,14.4,3193232,84,5373924,1120577,1165440,0
881,794844,25.3,1752341,60,418860,4647298,1623516,0
575,2076551,22.7,2039965,120,6334724,1228768,2290532,0
489,2865227,13.1,2483382,120,2650899,4409167,409345,0
565,3136855,6.3,719340,24,5204184,3932757,1430199,0
307,3062937,1.4,2726725,60,2351627,1562897,596254,1
481,1262813,13.9,2373631,48,3171051,4122175,461501,1
609,4002900,24.4,2104771,120,5600276,3161887,365921,0
851,3520395,21.9,3345481,60,7479426,3347797,2279590,0
743,3814752,12.3,2764306,12,7023738,1893478,2758592,0
769,2445698,17.8,3733036,24,5810656,1170399,1990140,0
627,4484200,13.1,3907220,12,4308302,3485522,1134993,0
366,2071318,17.4,3309976,24,4221450,261176,2847717,1
534,4067709,15.5,1226736,12,7724915,1742285,1491477,0
899,1176940,20.4,796426,84,1654803,707622,1588242,0
326,1386882,15.2,1232278,48,7632642,6586,1903567,1
828,2728375,28.2,2864675,60,5191800,37148,1963267,0
711,2868212,12.8,3463964,120,4929032,469691,1476489,1
470,3781837,0.5,3526612,60,4733764,4698489,1437991,0
767,1627577,7.1,2751730,48,6499819,3855062,953777,0
802,4388722,15.0,2740017,24,5466640,4946681,2042341,0
325,1782970,16.2,3810156,84,758635,420026,2017060,1
363,2764080,16.6,2758721,48,6248998,4987043,1308351,0
700,4673333,21.4,606845,84,5829866,2997114,2136257,0
900,2789129,8.2,2025641,12,7320397,3971317,413569,0
314,3473101,19.9,1466772,24,7491782,4288893,1248622,0
700,4561399,21.1,2566056,12,7592453,1310123,2960050,0
382,4878034,12.3,2561545,60,342196,3705506,2200989,1
690,2597154,12.1,1212804,48,5041484,3237910,2161091,0
674,2201180,5.4,1233805,36,7475332,2067194,2589672,0
354,1145268,12.4,400799,36,7727649,2459177,1825878,0
709,2779700,23.6,1208339,60,4394406,1043021,1987777,0
839,4608025,27.3,3319474,120,7291380,925753,1444262,0
818,2538154,17.8,2637767,120,7043544,4612688,2478690,0
317,1872694,9.0,3775420,48,20914,3658196,2134287,1
447,714977,20.5,3708961,60,7079900,2831998,1570646,1
444,2070716,22.2,3434449,12,5100940,3471935,380324,0
572,1336169,10.0,759761,120,4589792,2027100,2418012,0
385,4888227,24.8,1368958,12,1427755,1249958,978340,0
813,2732655,2.2,277061,36,7349436,4710289,1077083,0
766,857536,0.3,419444,84,2361541,4947809,374098,0
785,523396,3.7,962695,120,3342576,1075088,651132,0
419,4283569,4.7,1156546,24,2380001,4009739,378075,0
308,4671018,26.4,110792,60,7757137,2211409,292410,0
847,3862417,12.7,3379200,24,3865037,3539938,64042,0
473,794449,8.2,2131671,12,912190,543228,884133,1
694,671770,12.9,2640467,36,86929,2397321,2267681,1
846,1150307,11.8,2631547,60,7841377,624401,2591656,0
321,3805455,9.0,3868443,24,1886371,4072256,681926,1
303,3873542,4.1,631962,120,6165777,1992981,1271585,0
303,4221671,19.7,1403590,60,232967,1318594,2496023,1
393,665285,4.1,1268109,48,7174351,3498302,2120638,0
331,935425,23.3,2228315,48,5204469,4773342,2713304,1
792,4521335,6.1,2128446,48,1797962,1694470,1261393,0
664,4657973,21.9,3170651,12,7114301,3588993,505698,0
889,3683365,24.2,2264525,60,2382539,3447990,429678,0
781,708983,3.8,974268,84,7982310,2449600,2126592,0
878,529380,2.6,2280697,36,4796160,4025953,78801,0
443,466817,28.5,3858156,36,3588455,639794,1380917,1
472,3520866,13.9,2336512,120,468122,4387890,1059891,1
810,4260642,18.9,2389971,60,2081129,2020699,2756884,1
447,3231817,0.7,745198,36,466373,223597,2994575,1
334,1458091,8.4,81195,12,6824829,4946919,1453252,0
702,3835278,15.2,877869,84,801384,3868659,1740436,0
781,483824,26.6,149355,60,905268,4080966,1136622,0
881,4175350,8.1,1836392,60,995908,735710,2330655,0
857,4481040,23.3,3534754,24,7793912,3753002,883695,0
372,3648083,19.9,1814640,24,7764479,3491312,2233065,0
764,4420469,3.5,2598862,48,5718700,4513664,2710865,0
808,3013646,8.8,3429716,84,589984,1858312,515071,0
719,2448150,7.1,3064137,36,4031477,4637120,678538,0
792,1747824,13.3,2619968,48,7587278,3538967,1134601,0
803,4624205,19.1,3146863,120,773204,1268773,2483145,0
568,3546914,13.0,1158222,24,6348696,1069121,1922871,0
324,1114373,7.3,1710816,24,145567,4516520,582562,1
574,4793464,20.9,1626021,24,6431541,3224954,1104072,0
421,484183,17.5,3204515,120,4356258,591657,1930191,1
368,3020105,15.6,1664665,48,7103173,627570,2894225,1
375,1114607,16.6,3753254,120,3310804,4137977,1353197,1
719,3388856,6.7,787136,120,6282596,848727,223591,0
603,2180732,20.4,730076,36,6741316,1094917,313826,0
624,2298215,11.6,2878864,12,2599231,3072310,86300,1
747,3423406,10.9,3068339,36,5138444,4317184,377799,0
629,3829380,4.5,2732189,48,3687157,1683857,1237688,1
678,2024204,17.9,1265778,36,3455171,3328522,844527,0
351,4988804,18.1,86066,12,6397877,3518891,903081,0
811,2592667,10.2,1319897,120,1808056,3001836,2299955,0
569,969868,25.8,1893190,36,957195,3425797,1431422,1
393,230713,25.4,1680382,60,3843378,1137723,2186820,1
788,1171545,3.3,3692091,120,6573194,3108170,1625823,1
741,3517250,20.9,3461692,48,1303954,17673,615360,1
331,2789301,11.8,3111392,60,2721744,3652703,2844792,1
416,1821586,30.0,137121,12,5336101,3961628,1428607,0
309,2510602,6.8,553294,60,3814830,3969676,2508203,0
462,4223000,8.4,1764008,84,4845833,147273,290960,0
360,2943535,13.3,2505659,120,4224147,4557117,2548538,0
726,478862,8.1,2736188,12,6480571,2172365,2147839,0
614,435555,20.8,1220322,24,7002057,402579,749951,0
889,2513842,14.4,486141,12,3596234,2672313,2379906,0
750,2140527,6.6,1346261,120,3452907,2857745,2227746,1
667,4282407,15.2,3179402,24,2229188,2010277,2680536,0
606,2998296,26.7,3946950,48,3549932,3743884,629134,0
332,3832938,23.8,3770516,48,6691163,2718622,2657238,1
342,3008919,15.0,2393278,60,4013223,1084707,2286249,1
670,1857340,8.7,409192,120,5527977,3100616,1013677,0
302,3355203,5.4,3872503,36,3347258,1318105,1051227,1
325,3182858,26.4,654145,84,5653674,593578,763601,0
431,3657037,21.3,1109773,36,5699449,1334821,1430227,0
831,1108356,17.2,3897685,24,4224677,4527784,2689769,1
575,3279427,26.4,2040341,12,7475990,2861665,2513072,0
726,1570256,3.7,831529,36,7007829,1588689,438021,0
547,3993167,20.5,2033331,48,1267347,1830853,393932,0
404,4032919,6.5,361811,84,1822268,4299438,178032,0
523,3198851,3.6,1296941,84,7638376,3330474,1842161,0
355,4744151,14.0,3811161,48,3213536,3868639,942729,0
762,2780037,11.6,1229341,36,2483153,3051199,2282522,0
410,320661,28.2,3575860,24,6369861,4961020,2280900,1
526,3109743,9.7,2194605,120,4817184,3285559,593139,0
888,3932944,24.4,2640116,36,1063687,2001437,2082600,0
655,685728,22.5,2826833,84,734261,1261588,2293510,1
575,702082,20.0,2228152,60,6464876,231485,2961166,1
626,1511151,27.6,185482,120,6118884,3836857,2168023,0
771,4252386,12.2,3680970,120,2820762,4664443,1078601,0
452,2731519,11.7,1926347,60,6899627,3320178,2999137,0
682,4886912,4.8,2639304,60,1004029,2435753,827542,0
824,4390339,8.3,2237824,12,6952273,653248,2415922,0
644,2863202,26.4,2650667,12,633195,3219876,1134623,0
568,3459448,14.2,1451051,48,5088564,1000864,2805081,0
387,1788809,10.2,3382558,60,6744230,3110615,2346769,1
449,633958,6.5,936055,84,4954408,1504826,1799060,0
868,2113941,14.5,2630321,24,6228925,4329393,642900,0
625,3042920,21.5,2332752,48,2750511,4680208,565314,0
481,1074524,8.6,2039524,120,2304331,1171216,2843244,1
551,1264342,22.7,136769,12,2127457,1631749,2405009,0
647,271971,18.9,1589400,36,930897,4610134,1537648,1
623,3723280,23.6,237820,120,2218642,99395,2632218,0
720,4517260,7.5,2037379,24,1977875,2583180,2349435,0
454,4171716,18.9,2766655,36,6053598,708128,1163142,0
690,2023986,4.6,2113791,48,1703901,2164604,2481786,0
566,3048590,10.9,3040354,60,1327668,160859,2388119,1
865,4811861,21.7,1475286,24,5864445,702375,1436445,0
394,3038541,19.0,1259251,84,4302801,2014196,58458,0
389,1620260,5.6,1820068,24,1724504,300268,2224114,1
577,1825239,25.8,955070,36,5647153,3985767,1018903,0
605,3690235,1.6,3217394,60,1728788,2890006,1094083,0
715,2342000,17.9,3248430,12,6284632,2252179,2140902,0
542,4219068,29.5,1695228,84,258145,2361904,2432784,0
849,4347720,15.9,3180618,60,4721070,4194971,263610,0
584,372001,24.0,150961,84,4774878,4227208,2471709,0
377,3671938,17.9,661393,24,2982680,237646,878671,0
371,1975805,23.5,1167926,36,5511837,3426062,1698618,0
885,2694818,19.7,1582287,120,3037792,2348614,2605577,0
380,1471010,20.7,965380,12,5227924,3914466,654443,0
869,1967515,6.8,2073149,48,1788435,3935377,662836,0
467,1785825,22.3,3184649,48,4548793,3541560,2910670,1
356,441822,7.1,1852126,48,6050086,3373611,1119045,1
483,3957303,29.4,1824708,48,7728600,1059696,2840940,0
669,886435,6.8,286595,84,2882335,4264128,1071485,0
557,2003832,7.1,1157226,24,3781908,3504073,1859462,1
772,1126521,25.8,3238665,120,3810734,1369173,1530709,1
667,970925,7.3,3252285,120,6881092,1163636,2951643,1
540,1992241,10.8,461877,24,7700490,2504254,1650789,0
681,4610077,21.4,125906,120,5168079,1714219,1508389,0
883,4731890,4.8,3332526,24,6577180,3384393,1398936,0
547,2032161,4.8,738291,12,673295,2032333,1126453,1
392,2624736,14.6,2319463,36,6074206,842449,1320222,0
545,4931354,7.3,3316472,84,6480708,1975388,1381509,0
804,1327233,7.1,3159945,84,5719219,4079034,2290929,0
430,4734596,0.3,2225074,60,4675108,4153438,137721,0
870,707600,11.1,1537731,84,7196635,1557350,1502929,0
653,1284100,9.5,3105917,24,5228205,3979210,1647366,1
661,1823866,0.9,2794210,120,6771118,466536,2259591,0
490,378004,18.6,3360796,60,1441819,4920052,1998697,1
853,4115507,18.8,2079696,12,5323090,3828507,1295751,0
321,4305997,2.1,3770756,12,3499921,204229,328560,1
479,2040045,9.5,3090479,24,6946472,3525090,1116193,1
551,4214653,26.2,300527,12,7044660,2470075,766792,0
586,3908028,17.5,1210875,24,6751887,4418399,612354,0
584,4046747,12.4,3206978,120,1723449,1199867,2163553,1
388,4052984,14.0,508514,24,3938430,4460374,1434400,0
435,2952715,6.2,2849626,60,999,4353084,2380771,1
357,731939,24.4,1395281,120,7837075,1392629,415232,0
644,4632735,27.4,867751,24,2060069,2161681,2957602,0
510,3121567,27.3,2182648,60,4995455,3206814,1420058,0
640,4526069,6.7,3730224,48,3900340,1201195,759671,0
654,4803662,9.3,3595760,24,7236996,4995615,1088683,0
721,1098380,4.8,1646597,120,6570225,954720,2524319,0
628,2130263,9.2,64593,60,6215442,1219032,2129924,0
689,1123971,10.0,3556062,48,5146327,2503481,516309,1
652,444531,19.0,3594167,84,955052,2364383,2970380,1
692,4838751,5.7,2440199,120,7352508,250974,392635,0
670,4631853,27.6,2532833,84,501048,4550832,826115,0
490,4672362,3.1,2130654,120,3644515,1200674,2187611,0
448,4441599,0.2,99365,36,3035390,515398,1589164,0
773,3314113,25.6,680119,36,3126522,2596039,1337617,0
505,2706279,21.1,616367,24,7817866,4641250,2778840,0
630,4959075,10.7,3661595,60,1851345,11323,2381771,1
418,2850815,17.9,246825,84,4639667,2440778,2886492,0
559,3283671,6.7,2248815,60,1744500,4553990,847694,0
618,1216357,5.1,1483068,60,7292384,4465204,2551947,0
676,3784200,14.1,74065,84,5888879,854152,639581,0
616,4133364,10.6,3680980,24,3318744,3106857,2417648,1
516,3456933,18.5,122223,36,642873,4179958,1646396,0
878,2593280,6.5,3430410,60,1221550,3357178,1793654,1
608,1149766,19.9,3121649,12,1941708,3286082,345931,1
785,362613,23.0,3185047,120,3250316,3864929,2637548,1
742,3211089,5.0,689648,24,7087162,2266249,836247,0
635,3478472,1.3,3530286,84,956593,335680,1794381,1
832,3908554,13.2,2415017,60,4615367,3197459,498711,0
377,4762383,23.2,1637753,84,2778563,3138842,2777823,0
853,2587334,19.5,2740274,84,372700,4257404,960142,0
810,4179923,21.1,1398696,48,4954626,4619687,2288171,0
602,3638198,12.1,1153494,84,5634041,1688734,2296496,0
740,1530551,7.0,1188493,36,7675842,4780619,1650912,0
612,4256579,16.0,2298790,60,4053459,49477,362227,0
461,455960,6.1,2424137,120,2603207,4841608,839715,1
780,3074672,21.8,999022,12,6836174,686529,1835607,0
447,4713687,5.9,1020163,36,1978858,3229165,1607665,0
488,3363024,8.7,3787946,12,5459471,3416072,1754298,0
612,4697902,15.2,2083774,48,7547113,3166434,748193,0
803,469560,14.6,3447672,84,35572,4954665,1614392,1
530,2755594,18.0,1354199,12,7401417,2762325,255969,0
596,3946939,13.1,1187769,48,1645912,657240,1452743,0
325,3283124,27.6,1166260,36,3852606,3037767,274212,0
369,4426575,25.2,2138817,84,2063709,1454399,1991582,1
333,2420480,26.4,3127306,24,1156018,3060590,1700389,1
343,3476495,18.9,2027500,24,5617859,1903196,2555432,1
821,2214874,19.1,1215014,12,3857508,212041,1386155,0
806,4386175,18.3,3842092,36,4074513,3187539,486110,0
793,773352,13.0,2311082,48,3868808,444356,705675,1
333,1419775,9.7,1606414,120,5979580,1639442,2442394,1
346,664414,17.8,88249,48,7728824,3097083,2874693,0
468,3570082,0.8,2270799,24,4102938,4405834,184426,0
639,1317114,0.2,2503200,60,1244744,1571082,2029243,1
500,1722261,25.5,3718391,12,2619077,1492309,1446373,1
593,4215876,1.4,961265,36,3968248,1507127,773539,0
403,1928877,15.7,693103,60,829285,2875638,1534397,0
739,899995,18.4,3997207,24,1832860,967203,2807374,1
488,300658,5.9,2224418,60,1620976,2635653,592757,1
339,1288153,26.9,156140,48,7783646,4005350,2511275,0
746,4590490,5.7,467408,120,3206241,403599,269019,0
842,2833348,26.5,1927806,36,7032357,4821643,2161901,0
308,4975198,22.9,2489121,120,4411635,2659072,224733,0
562,1232630,7.2,1012622,60,4048725,3138790,182026,0
797,1887099,4.5,1494449,84,7509100,3086586,111701,0
724,983392,9.5,2958179,24,5535618,4727100,2414308,1
814,2112221,11.9,3872163,12,1917761,3323301,1720779,1
549,2903918,7.4,1989689,84,2253180,4419421,2071106,0
523,4079019,30.0,1690866,48,5328680,1429832,466423,0
726,1966848,6.9,1476474,36,17931,1089635,2764418,1
392,3903350,24.9,587941,120,1220367,3217953,2426115,0
443,3205565,4.8,258456,36,594604,767629,1465892,0
661,1600699,29.4,3344300,48,5710025,555803,2696859,1
701,4578586,6.8,196703,84,3530752,1057934,429085,0
371,2284377,12.7,3292424,120,90727,1354771,877224,1
605,924767,16.8,1026683,120,5933256,481047,145283,0
519,4820955,3.6,2794696,60,5247360,3643551,493399,0
601,4584482,24.5,3808784,12,5749096,2914396,2524427,0
876,437798,8.2,3007807,12,1305741,1001659,1228836,1
346,4531952,16.5,2931617,60,6999536,1413250,1935959,1
898,4747413,16.5,1095625,48,1442595,4649030,2644711,0
570,4179621,18.1,2412765,12,4566959,4564584,2292062,0
764,1423984,1.7,2586111,60,4471261,615809,1199457,1
555,3230173,5.1,1729927,120,1749779,3067039,1044858,0
486,2783556,4.8,200178,12,3003292,1615428,325008,0
763,3176704,9.1,3654111,84,417584,1798053,2488973,1
713,3158931,4.3,827716,36,3770441,2998956,2954005,0
386,3268221,27.7,3895147,36,5416902,4923204,1500483,1
723,2667204,15.4,3732504,84,2471111,2913949,1499026,1
752,3514379,18.7,124511,24,4302151,4765973,2545117,0
533,2727711,10.7,2969980,24,7627737,4101800,1027114,0
856,279114,8.3,2554624,120,1876923,3893076,1219648,0
685,369353,15.1,961156,36,2325249,3951552,2680863,0
500,4798845,8.8,3260492,24,959951,3958419,1138058,0
306,4564403,10.3,489963,60,4336379,1276513,2782211,0
705,3010898,13.6,1032322,24,1630736,4886351,484216,0
425,1038029,15.2,3798232,84,6834845,4591623,1490413,1
754,3951036,29.5,2984217,12,2327545,3002281,1469234,0
615,887793,6.7,493141,48,5313447,3555815,920149,0
580,2010953,14.6,619116,36,1513732,4400100,2889085,0
398,1783327,4.5,1065426,120,2582215,763150,1447901,1
727,259506,10.5,328718,48,1369574,324138,2637069,1
399,4073650,21.5,771404,120,4419494,4978390,657846,0
551,2646726,5.2,2308456,24,222178,2770313,1046866,0
802,1718013,17.4,79482,48,663929,3610443,1434714,0
853,2634513,12.5,1185416,84,4011391,2512582,1691968,0
894,200004,1.5,1290832,24,4365491,2586782,688293,0
875,2297549,28.0,3884933,120,2637739,188619,939319,0
634,2693988,12.4,3898007,84,3451113,1447118,1866608,1
420,1830642,23.5,3389618,60,3331893,434760,835494,1
804,4185827,12.5,1400518,24,6063470,2161496,2279668,0
781,1399165,28.1,2132874,84,3571612,109194,1431363,0
895,861558,8.7,2042004,84,6783223,4012903,2908284,0
691,2732215,12.4,3447687,36,1736215,1470075,713101,1
385,4458929,22.8,2996447,60,1596932,3705788,2527712,1
602,2001335,10.3,3630972,12,3229804,267556,1470551,1
569,423800,10.9,2226766,36,652287,166563,258404,1
806,4855674,29.8,3680836,24,5368437,2115798,2115478,0
535,2332629,16.7,2987187,48,3124456,3940217,634568,0
497,1030051,20.7,2968378,48,2931199,4063732,415562,1
348,3154952,19.3,2663462,48,4273203,2723191,1595076,0
802,1734395,24.8,1375876,60,656835,3069149,2357631,0
753,4701401,25.9,2453824,120,3014415,3443771,772773,0
324,1611010,16.9,1458507,24,7777742,3368950,1869131,0
560,2840651,8.8,2616113,24,5028489,3705956,43095,0
588,2807884,0.7,1056425,24,4591806,157533,553821,0
582,1363718,18.4,3206700,120,4045210,2144320,2264373,1
852,2596545,24.8,2306899,12,3749785,4197632,38642,0
390,723545,13.5,2855256,12,7493009,2198890,1073316,0
484,3289954,4.9,926074,24,7442842,730952,1523540,0
408,3839927,8.6,3177511,84,3275129,3326411,198300,0
446,4760009,15.3,3220289,60,7397839,1513254,2935673,1
845,1763746,25.1,625110,120,659953,2556776,1526509,0
865,1569061,5.2,1432564,24,2557705,2583969,1015747,0
326,2834284,18.4,2726811,36,2415480,3481741,2931627,1
679,3525304,22.6,3500501,48,5578085,4649968,1675560,0
439,4963831,28.1,2961237,12,4847151,3468100,2035616,0
415,320192,3.5,1913201,120,3780880,4990746,271012,0
475,1343866,27.8,1234867,84,2048201,94790,476298,0
416,1459464,18.0,3644375,24,4054956,3913304,135622,1
594,1425833,23.0,3504581,84,2151907,2085540,1542887,1
898,2425855,1.6,3592455,48,3979839,3646571,2509068,1
652,4389969,15.2,1253611,36,2716580,426164,2705168,0
734,348775,18.7,1773875,120,7108978,2638412,1723007,0
596,4116040,9.2,1013137,48,5969134,149695,162731,0
308,3164814,12.9,3820442,24,1402164,3328137,1878495,1
350,3152960,16.6,3475033,84,7521066,1082731,1913680,1
461,3455891,16.6,734405,84,5270255,722121,1791293,0
446,753961,1.3,1025728,24,2803013,395254,2163819,1
805,3784312,13.2,2230598,60,4243685,1345980,1671607,0
806,1391032,6.4,1691235,60,1563904,4798852,2112035,0
813,2679558,27.5,1866620,24,374592,4923215,1459084,0
683,3449015,29.3,1503295,48,3365096,401853,450511,0
634,3098934,9.0,2712045,84,6257403,4898076,239839,0
690,1751000,5.3,3597345,24,2814717,2937936,2721836,1
544,2101113,6.6,3673027,84,3073995,1614862,1322946,1
702,2487254,14.3,1848181,84,7920200,4711652,966814,0
777,398014,26.2,3320171,120,7898011,1205243,879702,0
758,3685003,15.0,2792520,36,3710946,908469,155226,0
668,679769,1.7,827788,24,353486,1147590,2835316,1
334,2401202,1.2,3186454,120,5434267,728697,249662,1
735,3343981,6.8,1434148,48,5717708,2424322,657034,0
520,585880,25.3,2530219,48,7310305,702865,1372732,1
746,4978666,18.6,2896511,48,7584428,1118833,1074334,0
624,2010674,16.9,3777594,48,5032493,1856807,119946,1
829,275855,9.6,3795857,60,857032,3242483,987453,1
503,3361443,27.9,3219905,36,1995028,4290207,2338658,1
859,2876401,9.9,2048645,36,5733449,374099,751730,0
807,3273594,25.0,1630816,36,4859281,3153484,2597471,0
498,3804842,26.9,1792849,60,3487834,518386,1080566,0
590,2483042,14.5,3805707,84,3215011,4953681,40119,1
619,1976720,26.8,859881,48,5676371,1384671,326697,0
761,2816984,8.3,2122071,60,3378799,4284227,2430041,0
714,960875,19.8,2734256,36,1238244,3887216,1216645,1
812,3175597,2.6,139180,84,7834597,1621784,2943620,0
522,1455665,14.2,2557832,36,2795067,1616448,2366560,1
603,3544280,6.5,1077052,36,2228728,1585476,91104,0
558,4045062,1.9,1158550,12,554517,2354084,937455,0
846,4323038,0.1,2505832,24,3751481,2210210,2174902,0
483,4659594,9.7,85116,84,7889623,3283110,189294,0
652,786989,17.7,669419,12,1278936,2321574,2997283,0
372,862359,13.7,1847130,24,1957605,3942700,498863,1
811,4645675,9.1,2357069,84,1428353,2332265,2391356,0
530,2027973,29.7,481020,120,752411,1535545,2521468,0
504,324883,28.2,1478312,36,4827875,1633558,1516071,1
650,1577551,3.8,1264812,36,2385524,3654847,2410776,0
599,4213759,12.5,2160823,48,6008126,702909,2654469,0
809,1903950,19.5,1237357,84,3205147,1430337,2203103,0
619,568354,22.0,57405,48,5091679,1558466,2123797,0
610,3666124,11.0,2143804,24,715138,3222331,1165878,0
363,1134215,22.4,3401265,48,2634272,645379,877355,1
313,1893448,3.7,2359732,24,3312358,2254401,2603163,1
539,218691,10.0,1479606,60,476945,3373169,672959,1
899,3089587,21.5,1955378,12,3354280,4633140,1243578,0
851,2337232,18.8,603625,60,3762111,2188193,1537633,0
678,4361837,25.1,984693,12,3230725,4910467,1172158,0
679,1804924,1.4,1779768,120,4034157,3038455,1118971,0
535,1182105,5.2,2389728,60,6377876,3870616,1797589,0
406,996766,1.5,1970400,12,6165213,1214533,988404,0
305,1160762,5.8,3853406,120,112804,4577322,2966295,1
503,2365233,0.1,2567741,60,5122317,1295849,533774,0
490,618399,15.1,140819,60,7232653,682521,1166984,0
415,2131380,15.8,2122022,12,6970069,395127,2535858,1
455,4302473,19.7,2352084,24,2586832,3272320,1426549,0
314,3884773,11.5,221918,84,6263863,3141661,2115044,0
665,3258847,0.1,1570823,48,6407802,991839,1940879,0
857,4487026,20.2,3492474,60,2927022,4393395,993964,0
715,3945033,1.6,1459730,120,6953153,1384842,2232424,0
569,3332323,26.0,1853210,36,5057772,3049212,713001,0
552,4342723,0.7,923584,36,6008880,2614116,2249353,0
484,797169,15.9,354101,84,5978292,2961646,384413,0
385,4127641,26.8,1306901,12,6250768,3709937,2082260,0
659,1617876,17.2,3102672,48,7655043,4636875,337538,0
640,3718701,18.3,3933508,84,6859358,3607471,2606495,0
304,4583928,20.4,2657610,24,3378817,4535907,1876435,0
549,2580920,3.7,3332004,36,4496424,4347297,121359,1
467,625925,20.2,2615279,48,5186256,1794640,326451,1
402,1977096,26.4,2651953,12,6852399,2796374,562260,0
722,2152908,29.2,1736310,12,3141311,990421,2880638,0
616,4696328,13.3,291777,24,2503790,4631714,1768392,0
680,4724023,10.3,1671463,120,5902626,4835013,837405,0
728,2928637,22.6,3466250,24,7633353,4439443,830419,0
890,4763192,16.3,2168538,84,7295946,3712853,77414,0
782,2294196,7.7,3059780,36,1183657,4245288,609572,0
672,2173775,5.2,249847,84,7353809,3970374,2565990,0
828,4215232,5.1,844935,36,6313500,1147600,1796537,0
586,3403505,13.8,1230883,120,1256700,1319201,1102762,0
891,2707410,5.1,1469403,36,52371,2657240,63645,0
757,2392379,0.6,3952182,84,1632772,2102470,1028897,1
691,3586911,1.6,1874590,84,7435414,3681183,1148632,0
842,3816611,27.9,2665660,48,6039436,3680485,355861,0
609,2554832,2.2,2595589,60,4602454,4880513,1821658,0
733,351590,2.2,1704790,12,5048079,3942244,1981266,0
471,688816,13.5,3866993,48,3306575,58236,2994578,1
878,891954,7.4,928334,36,7240859,1702405,1076380,0
674,2418023,28.9,186398,120,1249839,1635572,827939,0
769,3148154,27.3,2993577,120,2510404,3167796,2468984,0
576,4058085,12.1,2632524,84,1604735,1711751,1051210,1
820,1316251,13.5,1078146,120,6784167,4892525,1891855,0
344,3975671,11.3,3478453,120,4320413,1442673,2212519,0
368,3397051,1.1,691362,84,5470207,2187751,2639737,0
604,447953,8.8,1041318,60,7355422,4087122,956032,0
740,1885870,3.7,660334,24,1563650,1835785,1867684,0
786,1652769,3.1,785664,84,7715417,225357,393288,0
564,4455899,16.8,2930590,24,1011955,1661431,2337835,1
690,4621745,3.0,2828767,24,6034318,1797174,135063,0
632,4132445,3.1,2589101,120,5621789,3060713,2089618,0
877,2734431,14.4,3450010,12,6603352,3558423,627018,0
693,2565621,13.3,325734,12,1267692,2743603,1387777,0
550,1695133,4.1,2500685,48,7679248,2033699,229004,0
882,3909897,0.1,504419,60,6354633,2513851,2066022,0
364,614153,5.8,3824872,12,885083,720318,1446428,1
891,1501462,7.1,2553695,36,4456760,905059,1990851,1
392,849004,24.0,3051714,24,6538173,3054262,1042556,1
473,2572447,27.5,2305909,36,3814936,4327110,20110,0
793,1638828,12.2,1565490,24,3047255,2613051,1742925,0
740,1147914,12.2,2759696,60,2204232,301802,2095914,1
883,2006786,21.4,3351218,48,4127491,4909195,1994327,0
750,4332254,18.8,753253,120,7870765,1620619,786478,0
682,2878448,5.5,3493800,12,4860130,3742631,2149686,0
508,4150725,3.2,2920022,84,5777337,4488534,1625469,0
302,4586743,13.1,389083,120,6237040,4930880,630574,0
374,4530319,16.9,3747581,48,6224509,582263,333997,1
478,1884802,4.2,761922,60,3203597,931763,975928,0
324,4411890,8.8,2424149,48,6149688,3227037,69067,0
605,4565006,9.2,561898,60,2624373,3807975,2148355,0
767,4806063,7.8,824713,120,4672125,4174027,45359,0
878,1884814,13.8,2589828,48,2419624,2758191,145282,0
594,1296014,19.6,2734198,60,7517591,792838,474583,1
825,3004515,15.3,2763525,120,5841205,3562548,978196,0
892,4672757,6.0,1405172,48,4670572,3341776,59677,0
816,4522977,3.1,3289853,24,3612055,2337757,1889620,0
579,2941823,24.7,244686,60,4160365,3188053,397192,0
495,916347,14.4,3424438,60,6239248,1061954,2409616,1
887,2227976,1.9,1244238,24,2189683,4054339,1677521,0
445,3627782,7.7,2501540,84,6627722,228683,250003,0
547,2889795,24.1,3627062,12,2253887,4194937,1200818,0
344,1858264,22.6,1059171,36,1132927,4191442,420766,0
777,1844491,26.3,1674000,84,5895071,3437348,2942245,0
690,486799,18.1,3321891,60,5666790,4074042,1777582,1
350,1585054,12.7,3465428,60,2678139,4564305,2426083,1
433,3413009,12.8,979118,60,5190181,812698,1123180,1
633,1358309,5.8,2059204,24,5829686,2723283,440327,0
624,4968284,19.5,1366658,120,6302667,3225905,704729,0
782,595654,17.6,2092063,36,7621655,4713455,1250368,0
459,3026115,4.6,1547672,84,6834858,3688669,2311596,0
855,2583512,26.6,70604,120,3514459,2971824,1292912,0
567,4199861,11.1,3701865,24,1841902,2788125,2785901,1
794,4461256,1.5,2566561,60,778605,718629,1086350,1
443,2808701,9.8,1873585,12,4590425,1586144,699723,0
322,3224730,26.1,475864,60,5332372,2166000,1486769,0
333,3554978,27.5,331514,48,5527060,4404730,333416,0
523,2700683,14.7,1941056,12,76184,4309174,2009624,1
872,1087462,28.7,2613897,60,5610842,3212203,302844,0
329,2257246,26.3,1078251,120,6296028,529875,1922669,0
521,1359452,24.8,2990353,12,5774050,3601088,1147644,1
365,2429128,25.8,1599913,120,4205225,2294715,1071297,0
859,3152741,11.5,93727,84,121387,3260573,1832536,0
705,1204531,22.7,2171456,48,3917858,2166185,2115137,1
758,1397240,17.3,765225,120,5157980,3606444,2786897,0
728,4150093,21.6,107133,36,4555537,1087646,868456,0
694,2013114,5.3,563946,84,4596675,725335,2435777,0
765,1152238,21.9,1174105,60,4131268,1099444,2506404,0
304,3623234,28.7,2083701,60,4416168,4612972,2987063,0
820,3639789,9.1,3958968,84,2590218,377142,2893117,1
744,4165567,29.6,912257,120,4839697,1429054,2371375,0
744,3847928,11.4,276726,84,2252071,1712357,884210,0
536,4961448,6.0,805480,60,3931823,4182756,2083719,0
781,2959371,3.4,1311604,120,3322380,1796178,2354066,0
529,1576745,23.5,860725,48,5713629,4466921,874347,0
329,4342047,16.6,1319615,60,7159275,4940226,2440278,0
845,1471114,9.2,3877777,24,5066154,3256118,2105714,1
440,1597041,18.3,1548574,36,1082963,1715186,1472290,1
361,4176773,10.0,2557131,120,5340044,2991504,2585234,0
673,4431763,13.5,2754885,48,2598117,3346212,263242,0
440,1828837,25.9,564056,48,395971,545241,2051675,0
815,3701170,20.0,1028588,84,1538403,4165132,2358546,0
566,4627498,22.9,1692079,36,7994948,2181106,121109,0
302,4033999,17.5,1868064,24,3417096,4229068,1222435,0
871,223971,29.7,102056,12,1613771,3058222,1551094,0
609,3389983,7.2,2597211,24,1067987,4304111,624214,0
458,1015478,7.9,1237736,48,5202641,409346,2638028,1
707,4262447,2.8,1323172,84,6086365,212141,1879951,0
618,521793,16.6,2431874,36,2825131,557310,825222,1
317,4966875,18.4,3797652,48,827739,4372476,1310814,1
756,1051178,21.8,3466605,24,2837345,4967407,336061,1
541,2216782,10.1,3919707,84,5322097,4993355,262717,0
720,1323608,0.4,1683336,48,911933,1661171,2239314,1
838,4106796,19.0,522710,24,2141682,1321425,2951024,0
666,2088796,30.0,903121,60,16034,1748662,830399,0
703,3773983,8.8,1408088,36,3777520,4085977,733985,0
453,522647,5.5,1235951,120,1364326,1257646,2051711,1
442,2373777,8.5,871489,24,1599903,2736891,1532895,0
549,4573050,12.8,645963,120,904000,3230099,418306,0
812,4649356,7.5,787819,60,5841790,1806951,2001865,0
615,1201729,10.4,2650198,12,3916001,2365379,629422,1
509,2093244,19.1,1989370,84,7586208,3325854,345268,0
768,2163750,10.4,198365,84,3160309,3952155,1392750,0
812,2914236,11.9,2277117,48,1773962,948118,2218231,1
842,2779218,1.2,3377294,24,1632743,2562474,1563460,1
479,708523,27.5,1731325,48,7625226,771700,1944867,1
726,3860801,12.2,1308449,60,4717768,77079,713880,0
654,1283721,9.8,1126592,12,2602190,3225870,1481259,1
569,1711716,2.6,1548701,36,5233332,2413437,2138813,0
538,4235342,19.0,1150555,60,4462777,1297027,1584990,0
368,3510332,25.9,3700646,48,918314,275936,718886,1
465,2103453,1.2,3968907,120,5612720,4729715,2864386,1
630,4579875,4.4,1405985,24,953496,4133932,201991,0
832,2091604,4.4,3698526,84,1594149,4676391,2732694,0
820,2914378,18.1,3421695,36,5706608,568290,2173666,0
412,1380709,27.6,349800,24,3558111,70367,335950,0
708,1079331,13.1,1988806,120,1777340,1084770,765583,1
350,2559730,10.3,2643375,60,542619,502450,1106256,1
705,2902493,23.0,1717418,48,4749240,2299826,2872823,0
505,4067922,22.3,1854667,36,5576430,3227163,1550314,0
570,2076340,7.4,2001956,120,1624443,975920,774261,1
731,4496788,4.8,2770816,12,3332929,1983362,2759928,1
555,3115445,10.7,1210365,12,2753982,2696100,354002,0
785,536549,23.3,2407995,24,7133157,1586630,2449690,0
620,3747688,20.9,1011789,60,6327230,2303492,2492071,0
900,2959140,20.0,3562547,12,2191935,2951442,1159448,1
683,2068897,24.9,384459,84,4108446,4762614,129361,0
478,2442912,8.3,314603,24,7388811,1551004,2658632,0
765,1648598,10.2,199031,60,2765911,441867,2902266,0
545,3148553,1.3,1430912,84,1128318,4342589,1134473,0
621,2921367,26.1,2444676,120,2386595,2883660,557211,0
382,2346923,17.5,3942702,36,4855732,2360383,813579,1
371,1568945,8.9,1845852,12,7938352,3601998,409293,0
645,2113495,2.1,770027,84,2462465,4905996,1829678,0
412,2589622,21.7,1504566,48,468517,638135,1555773,1
899,2465027,22.5,552967,120,1454253,4303069,1067705,0
814,1684601,20.0,1914350,24,3300416,3182311,1951997,0
721,2993596,6.1,2929440,60,751497,2926880,1867223,0
741,1287430,27.4,190354,12,279836,4321196,33746,0
657,2604719,22.6,3120869,48,5245141,1520840,1229052,0
336,783437,19.7,952822,12,6594960,3937779,2590549,1
535,2466293,19.5,2705481,84,1865343,2852722,2387308,1
597,3963105,27.1,3271208,60,4180939,4675854,2564653,0
850,4125610,27.8,3115974,12,4582515,2338662,2862933,0
431,3534529,17.9,2696031,48,5340857,3602929,184204,0
598,3779111,12.5,2790200,36,7835350,2486632,810927,0
506,516559,10.9,791102,60,7081744,1969934,1378183,0
380,1838617,24.6,586294,48,2527694,1877257,1530030,0
361,3340402,19.3,1555950,48,7805536,4602257,2358762,0
519,4042770,2.3,2452477,84,279554,4189207,2173298,1
349,2997676,4.3,2491755,48,7694762,1126784,2118656,1
340,4297524,27.0,3118663,84,1142581,4328098,475557,0
510,1510707,26.5,1268560,120,911864,2918511,2032892,1
421,936762,28.6,3468791,84,954576,520844,2387719,1
633,614626,12.8,1824134,120,976114,3828290,2256231,1
310,2996876,23.5,1022629,60,3706268,811487,1748916,0
481,3392886,24.8,2954899,48,5121315,4361406,264888,0
572,1569497,9.5,553351,48,5957205,2272445,449221,0
878,3961555,4.4,1650985,24,127115,4582711,2229448,0
681,3748027,29.9,3135308,84,2371555,2415545,2604689,1
829,1928641,0.9,3095872,60,1058635,424878,2476080,1
506,1346169,17.9,1063366,120,1166742,3833453,1280104,0
570,3763123,19.5,707881,60,5971322,3630296,1761833,0
552,3422737,20.5,176121,48,5126134,1511744,529858,0
833,1019773,7.7,403035,36,1679569,1020521,1775413,0
876,1424598,21.6,3309594,120,2409441,4319040,586189,0
878,2532640,6.5,3145236,84,7399484,3895597,2385204,0
751,2653490,24.9,2048665,120,4601363,1489286,2356519,0
602,996602,6.6,2301933,60,1910579,3503449,153499,1
625,4753503,20.9,1340201,48,7470293,1203985,2807149,0
889,2065514,23.5,808584,12,1588930,906761,2388343,0
471,2030276,5.7,95144,12,2330775,3319580,1134750,0
508,490555,7.1,2703941,60,5542109,4164151,1353570,0
839,4403545,23.4,189543,24,4099933,4593378,236484,0
532,1328691,2.6,464851,12,554007,2308944,2808982,1
441,4937334,5.7,3180862,84,6454496,716954,302469,0
636,2580883,13.7,2352184,60,1825295,2719281,2767277,1
495,4399284,27.9,1984338,12,5533745,3404169,1963436,0
835,1059785,16.9,912665,48,2675003,4857019,2756141,0
846,996157,11.6,641402,48,6011826,560874,1112255,0
483,4045346,29.4,1892674,12,7184922,3283128,2687084,0
618,4134360,13.9,1466097,60,6180555,2561620,1278394,0
891,2806848,13.0,2159758,36,7369489,2942816,1050270,0
746,354317,12.3,702955,120,4319328,463374,1011142,0
429,4729872,9.4,964209,12,520413,83813,2855929,0
655,2087849,9.8,495882,84,4288497,3032519,1396616,0
672,4692726,20.6,1726695,12,3689942,996074,1435713,0
692,4379521,1.2,1141416,84,5751117,3069764,1930649,0
315,4287152,20.5,932670,84,1989567,132827,1667518,0
479,3506011,6.0,2220559,36,5581186,4006459,1623418,0
813,3431604,11.5,2014781,24,3533229,1666562,1137183,0
445,2757154,4.4,879526,12,5360461,2255893,492724,0
480,318938,16.6,2811179,36,3358150,1722542,2983696,1
493,2061747,21.9,1407501,60,3057077,2091741,1473866,0
406,3706599,10.6,1398393,84,1714112,2651650,2916757,0
393,4099026,4.9,1937827,24,6628341,3227857,1381839,0
508,2885918,6.8,599236,12,549405,3448842,1798283,0
825,3605881,24.5,1709117,48,1889623,4950818,1637212,0
300,304373,8.0,2350467,60,3413373,896726,2897262,1
470,2448346,23.2,558079,120,1245855,4358328,332010,0
336,2637080,9.9,2281337,84,7333797,3008272,1552547,1
637,4483925,5.7,203519,48,2761298,1547867,460581,0
450,1693048,21.8,2433772,60,1939198,4584882,2604095,1
775,1303750,14.1,190062,60,2030650,3534351,1590733,0
651,1891418,0.9,741585,48,1533423,925039,2769133,0
771,1017879,28.8,1433207,60,5305460,873980,826305,0
681,2880436,4.4,2477770,24,3850227,3295440,488663,0
563,3285458,10.6,2889268,84,1848143,3648334,1887095,1
817,4045376,11.5,1902265,120,6986473,227945,437321,0
586,4865573,14.7,568458,48,5251919,3140734,1118254,0
870,553305,23.6,1580555,48,3223234,2655738,941577,0
897,1386831,0.2,3158572,48,4105782,4847297,662204,0
654,1643419,28.0,406753,84,5249713,3707697,392153,0
705,1398418,19.4,2876914,24,1219600,4546263,1969185,1
453,4170954,28.5,1573808,36,6466975,170208,2274516,0
789,869594,24.5,65576,60,2067170,3821167,1181723,0
703,342744,27.8,2793620,60,236706,1668327,843096,1
842,4330705,18.0,155654,36,4173814,2766721,472837,0
460,4815289,10.7,1510121,12,7011395,4389785,2031114,0
773,1286708,13.3,820381,48,5864843,4349621,2426427,0
582,1797706,19.7,2356753,60,2467699,1127399,1644071,1
411,2615257,12.8,271677,84,3186013,1200447,1295276,0
402,2724553,22.0,409645,12,4767617,3614373,1945092,0
637,4956188,2.8,2148805,12,1862661,4390399,2745211,0
491,2139937,24.9,3976054,36,6560584,3061191,2969063,1
361,258276,6.1,206527,48,2360625,273016,580202,0
556,2229233,28.3,1869952,12,1733453,818438,1430190,1
692,2871133,4.7,3220451,24,760937,3747142,2629051,1
491,2681071,3.9,1198477,36,5546140,3708538,1898462,0
874,2658987,24.4,1997200,24,201196,4482467,2447730,0
768,4628560,24.6,3362802,60,6443754,2660405,2987523,0
608,4075748,22.2,2925420,12,7785035,2137999,311747,0
861,1408196,28.8,1208187,120,888908,560129,1837100,1
560,1905351,8.1,3015275,24,771279,3909810,1595044,1
383,3404395,24.8,2719278,48,7476061,4746857,854193,0
321,2169638,10.6,2051718,120,999098,226390,1961049,1
863,2256330,16.1,1792472,60,3261016,2459810,311592,0
876,1006102,13.4,3705184,120,6967713,1776385,1486447,1
744,1420969,0.2,3503407,12,1111876,3725404,1244066,1
361,3755913,17.2,3961452,84,5308042,3817753,1170789,0
476,4246070,22.4,2717764,12,3060917,1088501,1842522,0
324,3966603,5.2,1468898,60,3488580,4760062,2831527,1
330,1677600,27.9,482982,36,7448503,685916,2842309,1
447,855984,15.9,547163,84,5192187,3905974,2102463,0
643,966534,5.3,3807217,12,2555547,3706534,993038,1
339,2088594,19.4,1484791,120,7479879,811578,2897610,0
891,2685226,5.8,486247,48,4646113,3369121,2995116,0
573,4485944,1.9,932248,48,795018,1351998,2538691,0
458,4514373,20.6,132482,48,3140954,1370538,2619427,0
610,212994,3.3,2147472,12,1949688,432616,2451395,1
774,3596290,3.2,2384265,36,5139498,3731417,2280359,0
487,1634043,22.2,1544631,60,6882404,4037823,2176897,0
328,1149450,1.7,2989283,120,312850,2524961,1915158,1
330,2864203,24.3,1947775,120,6245115,3879643,1938238,0
812,362783,23.9,3841759,48,7330503,1742986,1169300,0
367,1803650,4.2,3064591,24,7954054,2825716,2660587,1
681,2850674,15.6,347450,48,5289432,3934459,1903956,0
531,1505817,2.9,1132383,48,2511270,2154038,1840229,1
767,3048283,19.0,3029195,36,1162559,3083914,2225503,0
336,2408180,1.9,2173025,36,7559092,725422,225865,0
839,4037156,28.3,3025215,120,3300034,2536342,2756715,0
719,1071311,6.2,1373887,36,2749510,4254473,1747691,0
570,474094,20.5,200655,12,5871754,3865536,2833200,0
424,2742201,3.8,3150596,84,5720746,1500656,308505,1
887,1433095,6.3,3150867,60,6474841,2724142,700875,1
481,3592141,13.5,2576170,36,7061944,3098345,2847904,1
594,647773,17.2,1647248,60,7016165,4692673,2078491,0
536,2961416,30.0,83593,120,1366256,4144193,1940007,0
438,4951203,0.8,2925022,120,1356890,4090279,1212944,0
550,646924,0.0,2657203,84,1645109,3763836,1666939,1
391,1648734,10.5,2687255,60,4647669,1790938,1638862,1
300,4253162,11.0,722140,12,6858036,1885052,593463,0
474,2761110,26.5,2938315,48,6750599,2324596,1547301,0
367,1039893,27.4,2911672,84,6506962,2130072,939227,1
549,1223023,26.4,3437055,84,631596,4786666,1027593,1
818,3871098,4.3,2290988,84,5564830,4376724,2303624,0
397,4332297,12.4,2939595,120,6807047,4476022,2026159,0
300,1930712,22.4,1635856,48,7859133,3037726,1409770,0
366,2474398,9.4,2801864,12,2744964,955927,1813229,1
605,3957255,19.9,2791563,48,6213698,718673,723737,0
465,1049251,7.1,3129381,36,3249813,1371519,1497921,1
594,1190110,9.7,3433544,84,1286241,3255025,1685328,1
317,3917274,25.8,62587,84,2718889,1822102,758223,0
500,1095978,7.5,3126038,36,2009739,3275948,508442,1
546,3899896,28.9,3180304,36,7291840,4399246,1577229,0
559,2585724,9.2,2204248,24,1405100,1671960,2822367,1
631,4952164,0.7,2102540,12,1046354,4637087,1385091,0
769,358092,7.6,2904643,36,4638098,2559645,2704297,1
580,4740582,5.1,1848396,24,4594196,4011702,2553798,0
805,1281427,15.2,1684962,24,4488855,299031,2234250,1
618,368387,3.4,3223266,120,1184864,1378542,2683012,1
456,3675259,18.8,3166653,60,3988491,4654419,1233846,1
437,2756136,26.2,867415,48,7428757,4435324,2277748,0
493,4219441,10.9,3324755,24,718462,2854787,434203,1
659,720097,5.1,1339642,84,6383451,164405,958920,0
445,587769,12.0,592310,60,1006273,298681,1699865,1
849,2922796,23.6,3519741,48,1870554,2114017,114268,0
588,4433973,17.7,990224,48,7185122,4490107,2295743,0
818,2147663,3.0,851728,48,2382226,1888143,2776008,0
710,4028083,16.1,1116455,84,4179316,4420365,315919,0
500,4549808,14.0,1991605,84,3052123,2676198,2976037,0
437,4374485,9.8,706022,48,4913977,674031,264484,0
747,2641609,3.3,680248,60,3243341,2803203,381062,0
498,3552457,29.4,1600513,120,3550626,1821593,2287239,0
448,2723197,5.3,910853,36,6538743,1127022,2056848,0
859,3435935,5.8,812481,120,4432966,3375596,2808158,0
590,2922018,4.4,3653046,60,4516267,1022778,1275440,1
329,2720448,17.1,2402380,24,6444624,4527444,1717581,0
597,2296680,13.3,104574,120,3423594,4017833,445561,0
576,3333379,7.5,451381,60,6588604,3910259,2075510,0
819,3805277,12.9,3265056,36,5755557,380984,2994304,1
727,4611727,20.2,1116180,24,7069867,4803534,1790592,0
415,3143497,8.5,651969,120,3662919,2466430,2799687,0
390,682505,27.5,2678807,84,4469303,3664750,1180695,1
662,3019897,9.2,3360212,12,1025920,958232,2947827,1
328,1715669,5.9,1624253,60,890735,3840345,1610011,0
491,328703,28.6,2984363,12,859913,1597836,431688,1
383,547783,24.3,1714778,36,5064054,3535453,1087757,0
312,3038250,10.3,479796,48,2607653,1386472,1475774,0
852,4735065,25.2,3201805,24,2311309,4661818,201065,0
353,2626743,15.6,3679847,48,4822962,3542611,2687323,1
305,2337274,10.4,3938821,48,3187100,2261398,717508,1
860,625570,25.2,445242,60,1078730,2280103,2025476,0
413,3441654,22.6,2282018,84,4459570,1310,2759933,1
790,466261,8.9,2512509,24,4401073,1497209,1303805,1
318,4237377,18.2,362315,84,1117493,3946197,1827998,0
392,4118748,11.1,3809009,24,2156877,4156760,1550083,1
366,4956802,0.0,456466,12,1898153,4998471,2292471,0
724,1564552,28.9,1111479,48,5563308,428975,115804,0
672,976555,16.5,3875578,36,1993065,1253676,1078904,1
585,1637767,18.0,2246592,24,226101,3831803,1834552,0
445,4037661,18.0,2732978,36,2134064,1806725,274101,1
353,1250347,16.5,2000147,120,3752187,1241564,2579147,1
642,4459630,8.7,3022253,60,6155200,1406874,1896132,0
438,940095,29.1,371804,84,418113,4590097,8380,0
654,434601,18.7,2719267,24,7049753,4289423,36471,0
713,1252916,20.1,313220,12,2644062,27795,479894,0
810,3819635,13.6,759489,36,2741020,4202889,1991719,0
596,3090942,8.6,2049670,84,124601,2783317,1553970,1
302,1902681,1.9,1821030,120,2210793,4222390,1446901,1
468,3348980,10.5,652547,12,3752790,3111325,1682893,0
812,3313265,5.3,3202418,48,5008780,3441793,1484111,0
620,2862661,19.9,1242366,36,6136127,2886502,1030057,0
672,2667431,26.4,3472134,84,4181740,3673213,21957,0
575,687168,9.1,109225,24,801760,4075077,83803,0
397,1446763,10.0,987475,48,3131423,2541245,2067100,1
838,2732947,20.1,1222567,84,5881782,560820,2230801,0
764,849062,4.5,2404049,48,5116382,465424,719466,0
898,2484026,27.9,1634069,84,4673562,2077780,728775,0
814,761346,10.9,670552,60,4066833,2366812,1223582,0
474,3978722,3.0,2305706,60,4036842,4318684,1933732,0
452,695949,5.2,3835194,24,7944229,165701,1780426,1
449,644187,28.0,577984,120,4795866,4443677,1677440,0
852,3261392,7.4,1046207,24,4776792,275671,110192,0
634,1258554,19.9,1940038,120,2687177,2491722,1292514,0
573,1886772,4.7,2920209,120,3920295,2113479,2257988,1
881,1708444,5.8,589615,48,5682717,2789835,1770869,0
662,1239840,26.4,962896,120,6864185,212427,2420732,0
846,3856554,4.4,978995,84,6237327,3819542,2085116,0
891,3521049,0.6,2483413,84,5298708,671652,2699199,0
347,1346128,15.0,375530,12,6225791,3898052,1716733,0
517,3496878,25.9,2654094,12,263515,2834269,1707867,1
741,3624666,9.8,1730597,12,2155678,4440407,1672576,0
788,2788008,3.8,1347291,12,1944573,4893936,793662,0
389,2976257,29.5,3455514,84,5231256,4219287,1308233,0
491,4687798,20.3,3284394,24,6026782,2260603,506136,0
629,2378621,25.5,3221628,12,1184765,2072116,1290103,1
780,2049988,22.6,3547215,120,3963357,3314882,449274,0
367,2787205,20.9,973943,24,7746457,3248767,1472898,0
661,4212143,11.5,3427527,84,21034,3951375,2862457,1
478,3606016,9.7,745167,120,7035669,2416176,1356234,0
430,560669,21.5,1356653,48,1548694,2313340,2215864,1
609,2404532,21.5,2244298,120,2148139,589807,1317074,1
548,3751189,28.5,2990144,120,5053873,844683,2717752,1
682,1274804,17.1,2331800,24,5830198,4108405,631110,0
490,4944548,8.8,2259989,24,6994892,4946008,2502898,0
794,4078919,14.7,1537040,36,43981,3008818,2174514,0
346,4263672,18.4,2390882,48,392226,1721047,2666335,1
817,592279,12.8,1926667,84,3825861,290026,398857,0
317,2982391,23.7,1935829,24,4468422,216702,2684355,1
742,2733380,17.5,2363597,24,2086790,3384342,2726132,0
508,3208477,0.3,2421032,36,5094200,3208872,887833,0
530,4281257,17.1,1353350,24,2121973,1415505,1874539,0
311,1895790,19.0,585834,120,7459128,943791,1759967,1
721,2763098,27.5,1233258,36,1419429,346326,146702,0
399,3461529,12.4,1664946,120,5241151,3411940,1575825,0
696,3815304,17.2,685650,12,4242558,3032945,1976996,0
735,3897898,14.2,751803,12,824261,1666383,615230,0
807,1817294,15.9,3806408,84,4838688,3661044,1084543,0
725,4991497,2.0,1156417,24,1173954,4226236,1756204,0
481,246186,26.9,2968979,12,4316676,2586421,2789295,1
743,2563822,27.3,554867,60,5086113,1312042,181757,0
796,3122086,16.4,3890597,24,577407,28241,2808227,1
490,494259,16.7,889357,12,1724957,3977265,2448528,0
374,2365573,1.7,1605741,36,2365622,2884414,2537785,1
834,3060118,17.9,3138621,48,7426444,1737194,142903,0
388,3116544,12.9,845667,48,1769333,33045,1703547,0
656,771316,21.3,2221854,60,7365498,4070181,1105999,0
442,1532041,1.4,3152732,12,4271851,4632042,2757533,1
375,1374872,21.3,143390,36,7589247,2406103,2222739,0
766,3271627,8.6,150205,36,6650280,1336526,1949425,0
386,1778143,19.6,3164672,36,2343621,3098792,83368,1
702,2942971,18.8,1087831,48,4478155,4355033,2625388,0
716,3708944,6.8,3642401,24,5735599,2936421,1469184,0
336,4026928,13.2,3713205,60,626933,60546,480159,1
403,1082279,25.1,3527696,120,5304111,975561,2622151,1
777,4536948,18.2,3987281,60,3677330,486082,2712541,1
604,995614,2.1,3300917,36,284830,2056092,1489822,1
372,305013,13.3,1564741,48,6936116,2257041,1984772,0
896,415828,9.4,3969255,60,2124520,2677446,1831300,1
459,1164991,19.2,1416181,84,6993516,3793037,909822,0
302,4391552,18.4,2366288,36,1654134,561907,2245121,1
855,1197837,0.3,72569,12,4333275,4712809,2993441,0
309,3528826,18.2,3852222,60,2966469,1317854,2802582,1
632,2208773,22.0,2387813,60,7143967,2605474,2060652,0
896,391743,23.1,3797935,12,7624430,1054256,1080806,0
647,2331867,1.8,1443678,60,6160501,1777303,2725249,0
651,335803,9.1,1287293,12,6764813,4163098,2782237,0
533,2485636,12.6,2113508,60,6151307,222772,16756,0
376,2881637,5.4,3460564,84,2347397,2416015,1015222,1
644,2702549,12.6,2218131,12,7363200,2918547,1657015,0
839,1556165,2.1,3180267,84,4240252,2849642,1733515,1
354,3879536,3.4,897064,12,2747781,1900219,2137598,0
829,3064287,20.1,3114405,24,1538129,1889090,1540932,0
549,1422968,7.9,2943221,60,5678168,4545668,41210,0
622,2286100,21.3,3590309,36,2219472,1204897,497224,1
399,720829,1.4,277667,120,5221389,2400296,2287678,0
673,4631901,16.9,1567550,120,520026,1821256,2080003,0
409,3814640,11.7,400368,120,5078458,3827235,1954345,0
464,1581483,23.9,1630217,12,5140852,4029313,1322760,0
733,3439608,23.5,3047649,24,4197790,4241053,824279,0
330,3459898,11.3,2578207,24,5255366,424713,924166,1
568,3126448,18.7,3024329,60,7950266,491388,2066835,1
657,459460,6.8,2964328,48,6708013,1877113,1512883,1
379,4416919,17.4,3969384,84,3516400,2204231,392703,1
477,4788131,2.4,3524962,24,6972415,315082,1198427,0
506,4875883,13.0,2365683,24,7635589,4468588,2472112,0
698,4907636,5.5,3509589,60,1280475,4484997,1797120,0
887,4658356,26.5,239245,60,2871417,2122276,2598676,0
802,3747558,13.3,2899292,60,5944328,3847233,1525855,0
414,473008,17.7,2112036,36,4119748,2825771,1456431,1
310,2433020,10.8,3829727,48,1077661,3285293,2848143,1
331,1376711,8.7,2039839,120,3780109,4365520,1522327,1
658,1255968,6.1,755583,60,2989720,460002,405486,0
393,4186963,27.4,2910228,120,5910551,1162968,1206163,1
438,4100079,24.0,3803843,48,4124293,2140372,1943005,0
809,2705926,4.0,113897,12,1119371,4472909,1036002,0
825,3734500,22.4,303556,84,395759,2959558,1230738,0
804,820959,12.6,2662083,48,2298432,1985142,2618695,1
452,1265379,0.5,2244706,12,1254109,143521,1305426,1
672,4330286,15.9,2216984,12,7010239,2965167,914619,0
667,2365833,3.9,406278,36,2168929,1348092,323475,0
411,2823822,6.3,2309807,24,5075959,1640197,1208550,1
632,2421435,20.9,2293604,60,1020338,4979526,2299865,0
615,1170365,7.7,3404654,60,3533716,2635595,899749,1
538,4166771,26.8,1590933,36,7472771,693733,1411895,0
751,3839852,19.7,1424221,12,5147501,246429,1970138,0
707,3482455,25.0,372357,12,2306553,1941293,2783841,0
620,1895326,18.5,2289246,120,5981350,326299,2442655,0
736,3287204,26.1,2610062,36,4009373,2143617,858607,0
758,4775618,10.9,1158867,12,1880842,2073614,493007,0
640,3319172,16.5,2938232,60,7972274,4397580,2012342,0
460,2572502,15.5,3755310,120,7500694,1674759,764227,0
755,1498256,27.1,738032,12,4533141,1381132,1177370,0
731,2709475,4.9,2312144,120,265429,3078959,312323,0
891,1984214,17.3,2793025,84,3291966,3195225,2323115,0
390,3134096,22.6,122939,24,4111693,189550,480552,0
551,419179,11.1,757237,84,7438340,418868,1141952,0
855,1112799,26.0,1612756,36,5863941,838343,1220645,0
609,3977318,11.2,592716,60,1779982,3884860,127719,0
866,2027465,5.2,1454284,12,4080181,1047959,2327629,0
307,2278391,17.5,632085,24,1436006,4963477,1855633,0
321,2810713,12.6,3591650,84,3790724,2202459,1624854,1
778,2303544,0.5,2416360,84,4282915,4667668,533925,0
515,3841465,2.1,1350228,12,4078294,1234174,159828,0
612,1377710,5.9,3126224,24,3418414,2118634,166875,1
557,3840485,23.1,122745,60,3497998,688313,1875260,0
545,1205251,26.8,2407730,120,6375889,4230719,2243386,1
864,1978860,16.4,2749601,60,4046935,2987868,2385913,1
356,3021545,3.2,3246939,60,336080,378380,2401068,1
764,4452697,16.0,927981,36,5926626,3719360,1180403,0
834,1316254,25.7,2386336,12,4941807,4436057,4020,0
695,3019463,22.5,3082327,84,5565523,3426341,735038,0
537,508202,8.7,3199419,84,5685433,4041848,2361087,1
396,562047,3.7,743815,48,1385537,1380900,2291813,1
710,3884036,27.0,3907264,48,7775335,2160909,1522608,0
581,3651003,25.6,1132162,24,7923145,4272225,71718,0
389,2007053,1.6,1594291,48,1166105,3040686,2330142,1
516,3190291,24.7,808632,24,1751511,3059111,2446773,0
877,2025131,2.9,642271,36,1969945,3835480,680951,0
459,1530778,1.9,1059081,12,7731604,3073334,2412779,0
407,2270328,22.8,584817,60,7459546,632097,1919233,0
709,1696921,16.1,2944433,24,2120109,1064242,2663958,1
419,4112215,12.4,2410037,84,5045031,3892562,1879469,0
852,2176016,27.1,1590612,48,1947650,1211064,268439,0
816,1740017,25.2,2211057,120,304392,3327745,1940917,0
891,2773536,1.7,2436601,24,1842571,2373751,323275,1
848,3838574,18.5,777729,24,618752,3101559,776183,0
446,1513595,23.2,1222986,24,6781926,1189105,2618259,1
427,4709816,16.5,3534315,60,6283525,1551991,2904322,1
505,2424965,29.5,97784,12,1474467,3440389,1425788,0
582,4794764,20.6,3829157,60,4539796,858565,873356,0
828,2272069,3.1,3858942,84,1641221,1542772,1177015,1
740,1159133,5.9,1050202,60,4523324,4990479,726501,0
687,3789391,24.8,1316809,12,7167776,759580,1719881,0
827,231778,29.9,867187,48,7038926,2887953,1263551,0
688,2397907,3.0,2264599,48,6664563,758069,175749,0
527,4903957,3.0,894991,36,1928783,3535802,1830142,0
548,2189251,22.9,3173195,48,1525972,636139,1931149,1
610,3483648,1.9,1580315,84,1283448,2869978,2001029,0
353,2721359,2.1,3871364,84,1017001,2198750,2835250,1
745,1230460,26.7,3420248,36,4910448,3458451,2112207,0
692,1725067,24.0,1635191,36,5267550,15200,2027160,1
739,2712955,26.4,2404045,24,7059385,2580267,634891,0
620,700401,19.5,146324,36,722695,2711861,1393605,0
770,2191478,9.7,316836,48,2122005,1203391,1303477,0
870,2191290,27.2,2048809,60,5823608,1491514,2882643,0
642,4207575,9.0,1918267,24,5450355,3532174,1423083,0
567,794513,8.3,1623270,24,3419437,2762394,2065549,1
362,4244926,26.6,406810,12,1219032,2894397,1621939,0
767,2170119,20.4,3367471,12,3873652,4677128,170881,0
843,3326484,26.9,1654546,12,1375269,2025095,2806872,0
720,2873282,4.7,1906550,24,4284199,4345238,2010140,0
820,1638959,28.6,1643904,60,7212081,4870907,691179,0
817,4667414,18.4,2014528,84,1565511,2882149,179087,0
779,373867,20.0,2610993,120,943720,1059099,2810478,1
602,3800596,27.4,3067734,48,5901046,2090351,921689,0
360,3183000,11.4,2220343,48,194764,232852,51384,1
301,4474584,21.6,705592,120,7867228,3491814,1847051,0
422,2397129,19.2,3505282,24,6199524,1367923,49155,0
559,280836,23.6,1174289,60,3227000,4615697,646848,0
746,297253,26.9,114286,84,2900076,3265282,2680266,0
573,2279641,20.4,204208,48,3094888,2447735,114567,0
313,1397831,2.0,3107296,24,3173268,933177,2256530,1
426,4626465,5.5,1578484,60,6716409,496538,1853861,0
888,768729,28.6,139500,120,6398861,3362655,917860,0
893,4427904,29.1,3255195,24,1636664,3830441,857572,0
526,1240612,29.0,1251945,48,1439486,1330656,1424592,1
783,773129,1.1,3912920,12,4324423,52395,1598893,1
732,1517937,11.5,3524670,24,5202616,1599277,2671006,1
859,891876,22.8,240260,84,5817391,3823193,783436,0
833,2126270,22.6,2777136,48,2508226,2901024,1770716,0
677,1786205,2.6,2432705,24,3859669,424583,2059287,1
537,2739389,18.3,729387,36,834147,573771,37897,0
676,2777921,4.3,1405105,12,3645938,533082,2687105,1
491,204751,14.8,1988599,84,5499969,3790139,2975915,1
509,799386,7.2,627153,120,2435316,3908535,259694,0
665,976973,1.6,2901522,12,2549313,2039647,785697,1
643,1134676,2.4,1145326,24,3698223,3447609,2358956,0
649,649118,27.3,3752507,84,6932833,104590,2427650,1
531,1710248,22.3,3216661,120,4832874,2809516,468285,0
545,2838432,28.0,2555569,84,7352286,1360696,2752385,0
306,1682683,14.1,523081,84,493365,4102926,988229,1
661,1779559,12.4,147467,120,6792414,2443442,880664,0
646,2453865,10.8,626378,36,350089,4256843,1072096,0
862,2832309,18.5,2023822,120,2578814,2814713,2014651,1
603,1788642,10.5,3135969,120,3412609,2287561,618930,1
581,1264752,22.4,654198,24,1892661,4734886,1628589,0
340,2165029,24.0,2844106,12,7914330,4981494,225703,0
418,316300,26.3,238729,48,7142406,2278099,440792,0
503,2564341,7.3,1099152,84,4569926,1787900,2305460,0
526,4718562,15.8,2414117,84,3623576,3231647,1151022,0
517,2110084,6.7,3322076,12,6094067,857539,2380883,1
536,719879,1.1,3118842,36,5661918,1931695,2213050,1
762,3593986,21.2,2153967,84,3845053,4229883,2990500,0
378,808922,16.5,192439,12,6617314,4484506,412712,0
499,1129470,21.7,1208885,84,1543496,2077851,2803813,1
397,903424,2.6,3145178,36,2221493,1951524,2675994,1
484,4441596,29.9,370774,12,141127,4372499,1303927,0
711,4910128,29.8,2840232,24,952779,1010777,405866,0
328,2934267,13.9,2830490,84,1590250,305831,400164,1
504,3164769,26.0,3020348,120,4998621,363857,1532397,0
314,3298198,7.3,908069,12,6844155,555260,32100,0
873,3129392,22.1,1016677,48,4721538,4399032,287044,0
737,2811692,26.4,834083,24,3563259,201363,1594553,0
446,4936152,24.4,1604702,60,2161600,1662029,1689546,0
419,3719035,24.4,2119613,84,811429,3010055,2581700,1
359,624506,13.9,523015,120,4677654,3045933,2923308,0
584,2081322,24.6,2291220,36,6322858,4159321,803711,0
752,4877605,20.7,993619,36,3270889,4904892,990776,0
651,2137572,4.0,2270478,36,2800088,2013304,596824,0
829,1179263,3.4,1246019,84,213223,1165304,673834,0
506,4368753,23.2,3820817,48,1938541,453477,1316860,0
467,3190743,18.8,1311775,12,106833,4457064,2979373,0
587,2900339,15.6,3491661,120,5800010,1867344,2680599,0
421,2216401,27.2,741407,12,3919001,4492141,2739197,0
886,796988,19.8,385422,120,6286976,1740231,1355021,0
411,2042969,11.9,795411,24,4521893,3780227,1971918,1
587,2299891,12.4,1706524,48,7634316,3217360,2168139,0
613,4669968,18.2,3610808,36,6270290,3566929,729392,0
334,1674900,22.8,746180,60,1180686,3260758,1387579,0
581,916293,16.9,3146380,36,932868,1534564,1650560,1
573,2252135,15.3,2802789,36,7114113,515118,1118877,0
455,4985932,21.8,1410687,48,2152881,54040,1419306,0
376,2514576,21.2,1378824,120,6120791,2100884,1322736,0
327,2019800,24.9,3793192,24,5028599,4457564,183432,1
305,3401046,1.9,2872797,24,5615199,3212573,2305202,1
589,3314120,22.6,993744,12,2134284,3371071,2701202,0
353,1636572,15.4,3651840,84,2504429,1294306,2263218,1
876,4845953,2.2,1656941,60,4438772,2430605,2801014,0
447,3046137,20.4,364798,60,177543,2035401,1295274,0
692,476485,21.5,3263425,12,2493163,681558,167512,1
704,2156330,15.7,3481467,84,4060404,3068475,802852,0
597,4629749,23.8,1799401,84,1635704,1817201,2561999,1
831,2088117,9.0,2830511,120,2286155,2014353,417381,1
366,2925495,6.1,976770,120,7868288,2984502,1641407,0
440,3140614,10.5,3408921,24,2318568,154304,4109,1
451,3581105,12.3,1505715,60,7219346,4681066,971348,0
381,4387119,20.9,1105860,36,7417109,1113080,339772,0
477,916084,25.4,2027848,60,5391103,3395991,340228,0
487,2680380,21.6,1105543,36,1223751,3880405,493965,0
759,2760260,5.2,2501545,60,1645493,769953,1614780,1
481,931498,11.0,3003338,120,7473859,1242520,2069814,1
826,3432866,4.8,1652146,60,11874,2061928,864503,0
764,767134,20.6,3144607,120,4030454,4088558,2453748,0
841,2389987,7.4,1753652,120,4770236,3179010,1175922,0
363,1785195,15.8,3882323,12,6706235,2334539,2210837,1
891,943929,23.8,1092577,120,7160550,4247192,1589093,0
668,4147136,20.1,2833707,84,2268700,2364606,2169699,0
890,1371771,9.0,2164622,36,4020317,4429809,2936122,0
513,1425150,10.0,3776954,60,5071365,3852581,2982962,0
872,4301086,19.6,916852,60,7721453,861101,1761564,0
653,4411362,16.5,827158,84,4452707,1916467,2887794,0
343,365460,2.9,3476729,84,974466,125737,2104206,1
546,1533806,26.2,3609341,12,7393329,1192403,806541,0
382,3602538,15.4,3002100,12,4099578,112637,2805837,1
865,3935067,14.2,1925791,24,1434387,525161,435302,0
482,4997073,6.0,1670602,48,1522206,21343,1404623,0
433,2862359,11.3,2682959,84,1636559,3359550,459894,0
632,235918,10.0,3001550,60,5770037,2048065,2353203,1
555,4393430,8.1,1140106,12,7591716,2349713,2686820,0
358,973019,17.0,77633,84,3530905,3822093,2456333,0
790,779823,13.9,340546,48,783717,4047035,307040,0
808,3435893,26.7,1410732,36,7107976,2664885,812405,0
746,3098320,28.2,2742747,84,5077460,2288373,1020432,0
670,487956,6.6,1789189,36,4566029,3249614,346922,0
541,1012555,3.0,2492599,60,484512,2074053,1591040,1
625,3030992,23.6,1905704,24,7764824,2212195,102054,0
613,1425676,29.8,1044051,36,615926,1494260,1840352,0
399,3483201,25.9,3007490,48,4883262,948401,1724100,1
349,2176462,0.7,2907627,60,4777190,997139,1787198,1
452,3023103,7.5,3853090,120,4110783,3276591,2738498,1
573,2479791,1.3,3311457,36,4410944,4152185,2359223,1
396,1952886,24.6,1550989,120,3183017,2118430,779080,0
364,1843551,17.4,2833736,84,4584210,476056,1715080,1
812,3546955,15.4,1434869,36,2910716,3051273,2407374,0
525,2669050,16.6,3497686,12,3789217,4510639,2553140,1
651,3052613,7.6,2461535,24,5424948,2637694,1929558,0
614,2971084,18.0,3346801,60,5938875,134545,253890,1
741,1196658,0.9,1160952,84,1226769,409821,1303877,0
744,4583502,19.4,108937,60,7937509,2611262,2576897,0
477,2903051,22.0,608333,84,773565,4308053,221581,0
809,3646710,20.2,2148892,12,2206250,291642,1770010,0
523,4433155,10.0,3848087,48,2774590,3767893,1621866,1
801,4638596,24.8,2526817,120,2587517,3898036,668797,0
543,3400800,21.5,3247644,36,2814997,257846,1032282,1
366,3978156,3.8,1903526,120,2584396,1057482,2933230,1
756,2464599,5.9,3836074,12,3488130,19934,1786909,1
318,3741405,19.1,3766783,120,6106152,2829613,2819203,0
764,1743604,8.7,910440,84,6619713,873835,1413957,0
325,3616554,3.6,3455568,60,2784124,4582231,2537178,1
424,612253,4.6,120346,60,2067412,455703,1859521,1
662,4588538,5.0,2390748,120,5413897,3246295,2734789,0
865,1374210,14.3,1777183,36,476562,3934164,980240,0
545,3351505,18.2,1240199,24,3567100,891600,1146425,0
372,253696,5.3,3737756,120,1760069,1262748,121315,1
439,947434,21.4,2666174,12,4862437,3983389,683414,1
838,4935805,8.4,596385,60,626320,463998,415528,0
736,4200151,9.3,600083,24,6632123,2207398,548711,0
360,1267915,6.7,512882,120,2159966,1250446,925140,0
531,828063,23.6,1250942,120,4112470,65883,2621280,1
458,4111405,28.8,322363,48,4577921,2257846,1135600,0
406,4952811,14.8,1093569,48,3801386,2433825,2479894,0
808,1009495,1.3,3071821,48,3583957,1735808,2444004,1
671,3386930,7.8,3501066,36,2135796,4062424,2942816,1
407,1561285,4.7,3154410,120,6180223,480047,1525862,1
691,3773059,25.3,2009412,36,4127237,2149788,2544757,0
548,2207731,2.5,2796736,120,1726205,903024,1258280,1
336,801699,29.0,3778527,60,2099298,3792141,1897098,1
570,1757147,17.7,260502,120,3509001,2783714,2432782,0
411,2785391,15.5,3623036,60,6748562,3527630,426845,1
447,4032084,25.4,2906989,84,7690946,537535,172576,0
828,300929,0.8,1576260,48,3110912,2284562,494542,1
726,4796929,23.3,1822084,48,3161086,253179,2163329,0
380,3318087,3.5,1782246,24,1032861,1616413,1421099,0
811,4401414,25.2,673683,24,4365465,4726252,840000,0
645,4664258,15.9,959760,12,1919740,3632700,2303387,0
825,937173,1.8,1215748,36,6556430,391730,45256,0
748,649907,25.0,72966,120,4276652,1844592,519826,0
503,3928106,0.8,2029530,120,1774953,4354104,1409528,0
621,1101839,4.2,1932299,60,7330301,850435,2746553,1
619,910145,23.9,1352123,36,6523436,3785539,2246989,0
732,2448880,13.9,746891,48,2404492,1604315,2051372,0
449,4584230,26.4,3880510,84,960998,2385010,2132635,1
500,4018909,19.1,2730078,12,2115089,4384196,936927,0
447,2685817,18.7,1925230,120,3013551,3362740,1343585,0
477,1142968,8.8,2904547,120,3252479,1416945,2657279,1
396,1814629,4.0,1519994,120,6578490,44050,2188740,0
321,3504770,28.8,901337,12,7742036,1174802,1795891,0
864,953722,3.1,2709004,120,5978256,2088858,248766,0
344,2717144,15.9,3093928,60,6761758,667100,2199476,1
833,256683,8.2,2619653,48,1001028,4410732,1097121,0
301,1760408,7.9,2287270,24,1197343,275889,1156327,1
767,1390145,17.8,59635,48,7265067,2703330,2021713,0
497,3469209,23.9,2569554,36,4910026,4883462,1180652,0
611,4587297,23.3,2492971,120,1885783,1674818,1718672,0
469,903109,26.1,1679175,36,6334914,2683884,37852,0
594,4026859,8.8,1012887,24,1399731,367279,555039,0
571,3348426,14.0,3917481,120,6144083,3648223,1613706,0
618,4855010,0.3,1532173,24,7064903,4887414,2873161,0
536,4575252,22.4,1124534,120,3910764,3864868,2282391,0
622,683655,9.1,2840078,120,5250992,747172,1252713,1
796,3767471,16.8,1953769,36,5854651,1761585,2906474,0
561,3042458,5.1,2251676,60,7042818,3617794,826238,0
517,742799,24.6,2610813,84,4668693,3994530,2676681,1
379,1434322,24.5,1506188,48,2347931,2016900,1210293,0
516,4649333,26.3,651592,60,1611560,4807422,260973,0
375,2806120,1.4,711271,12,2844333,1017722,7429,0
409,1824620,29.8,3761611,48,448429,3708809,2941561,1
872,1738183,7.4,2046655,48,5589297,2482308,1926601,0
353,4221756,9.3,1697171,48,2955997,3558666,448442,0
589,1560634,7.5,1311496,120,5692514,2980100,2975947,0
801,962667,8.0,2900465,84,495512,2161169,123342,1
872,2954458,16.6,3656065,60,2574959,4076896,1004066,0
388,4964049,7.2,3087348,36,3160107,4206601,2246790,0
398,1079927,11.8,2160669,36,700371,4086355,159699,0
523,1425533,19.7,1928052,12,6631032,444186,2717660,1
633,2451840,25.1,3470558,48,4780425,2115219,2034093,1
876,1159105,20.8,3432487,24,6754354,3748419,2849349,0
424,3323899,17.8,1591215,120,6414828,4333847,2511758,0
398,1417387,4.4,3858931,84,272591,1809968,2474929,1
452,815274,24.5,3318377,120,6922783,3702859,682502,1
825,1454088,1.1,3392606,120,556283,2829870,614718,1
318,4666853,7.9,273320,36,6969311,1103007,726540,0
528,4687497,1.7,563547,36,5358937,4464819,462008,0
371,2627479,20.0,1227570,60,6555434,2223913,1992900,0
394,2122196,11.1,3057016,48,3999990,3025098,176905,0
851,4133735,19.6,358795,24,1281226,1442116,1285411,0
300,1132467,10.4,377349,60,1194867,127907,1745907,1
493,3338746,13.7,175018,48,949776,2264152,1616749,0
850,3464248,13.7,808102,120,6444237,3613024,1461664,0
665,3608005,1.4,3679506,24,4268618,1635900,669256,1
343,1246138,12.9,2898774,48,1731969,4645123,327850,0
579,3637429,19.2,2881632,48,998820,3750965,2964822,0
883,3137560,16.4,1205506,120,625194,3210060,1394481,0
540,4400480,2.3,2519185,60,2064742,4033282,1784752,0
617,1037079,20.0,3126986,12,5996057,4307101,1701971,0
619,3145306,9.3,2153347,36,7139294,3606129,1106788,0
696,4182267,0.4,3431738,120,4865008,4126479,2168864,0
412,1535442,4.7,2299739,24,7965663,3566481,1128636,0
804,3770137,14.9,1332111,36,3155542,4306462,1242593,0
894,677646,9.3,2572827,24,2660102,518754,2410408,1
385,3646877,20.8,3775390,84,5541810,1720502,955057,1
791,3110003,7.2,3314991,12,1077385,4438976,2098474,1
790,1124247,23.2,2018937,36,7291046,2370818,1997038,0
745,518493,8.6,2407710,60,6241153,74742,91785,1
522,3778346,18.6,3905055,120,273459,4240168,2052671,0
581,1358208,24.0,3006894,24,1497889,3278027,2404063,1
804,2587740,11.6,2034894,36,5021436,4551993,811285,0
391,491394,1.4,1159863,12,5908383,81097,2743134,1
798,4824776,16.1,3628205,48,1745338,734207,59469,0
853,2834660,29.9,3908209,120,5975543,2552407,539185,0
709,4671585,29.1,329402,36,3793102,907662,2837072,0
505,969623,6.6,175994,24,5401869,2603516,2566524,0
636,1187807,22.7,504638,36,3391849,1734148,2265859,0
330,3129955,10.3,1576977,120,3633988,1050851,1811854,1
860,3101576,4.8,681510,48,3119837,3851489,603313,0
505,3996153,20.0,3534096,60,1255576,194458,1467600,1
334,4654674,15.0,3661150,84,1522848,4374906,1696997,1
777,4145028,16.2,763065,84,1341419,768919,269025,0
695,873055,24.8,3324827,60,6421200,2901201,1784843,0
674,1685809,10.1,608285,48,3386107,4957597,267665,0
332,4586352,20.0,3159946,48,3036165,566340,377966,1
751,2834982,11.0,1493451,24,6845309,4634327,510055,0
683,4361668,1.3,209141,36,7097570,1518741,574971,0
776,2902452,11.3,1741369,84,1871838,3705121,246164,0
797,438754,28.5,3299906,12,2837346,4285115,2870120,1
427,2469858,14.5,3736907,84,3293916,1158525,2407770,1
426,4158368,3.2,528437,48,6717707,1737775,1524033,0
855,3344547,20.6,3352672,36,5373026,4304385,1105911,0
619,837340,28.9,1208328,12,4355731,514036,574326,0
563,1208418,27.2,1883154,84,1881012,542777,2847026,1
472,4300996,17.2,479705,12,3085002,1510342,2392725,0
684,4900368,11.3,3893252,48,230774,3015658,2255939,1
753,3813872,17.4,3171496,24,5632258,4033532,1411720,0
301,670783,24.5,2587000,120,7350849,2812841,82345,0
632,3172138,25.8,2921857,24,6293237,2467398,1915236,0
897,4180262,24.6,3500952,84,2474355,4354734,1462621,0
468,3272935,13.7,616530,60,3861526,857864,892504,0
468,3051661,3.6,1021925,12,7660809,4508607,945287,0
827,2443318,17.1,197495,84,3403363,1563162,173712,0
337,1375303,4.7,1981408,120,6712933,1379844,2615049,1
538,1547678,1.8,2001835,24,4619352,4767907,494832,0
575,3779240,15.0,167383,120,3991435,3229550,2439377,0
779,535098,19.7,2663151,84,4681307,2159787,2919111,1
377,605508,25.6,85076,84,1788859,1650703,137940,0
560,2103996,23.5,3181808,36,3403834,2207996,1870765,1
391,3917206,25.7,2836540,12,2434821,3958155,200213,0
773,3353770,22.8,3269748,48,6061303,765348,2493256,0
680,3031929,21.1,517259,84,4899022,871876,1521544,0
598,2763835,0.3,3487982,60,3197771,1522771,64558,0
536,731601,18.8,2213843,60,6580008,2411041,2317108,1
392,1792615,3.6,3460185,84,3623987,4073431,2296388,1
854,581626,1.8,2799230,36,7626396,1053786,2774764,0
689,3839158,4.7,2642752,12,4842546,3930995,1454856,0
491,3804015,24.7,177326,120,7085729,4538359,2798963,0
548,1438854,22.3,2783347,60,7894792,2177494,1995924,1
736,1606092,28.5,1822528,48,2615984,4806341,1577966,0
732,1723783,29.4,3404478,60,2085489,4468262,1074615,1
577,4468649,26.8,2752400,84,6685048,3985993,879066,0
482,2544927,4.0,343700,84,1855622,1901294,1862607,0
696,3857951,26.4,3564438,60,6016774,1503142,2218606,1
695,2354371,25.2,298473,84,1415098,4321648,106859,0
660,3551313,26.1,1231959,36,6958794,2207660,1235755,0
343,2735967,4.6,906407,60,5515554,157827,136766,0
584,1537309,3.5,3898156,120,4168314,3585983,1189982,1
668,4406237,27.7,655123,24,3592757,1736151,2396510,0
870,3602934,5.2,3385939,48,5098116,4678438,2072318,0
615,3892823,11.1,927561,60,3108851,4275343,373395,0
505,4751109,13.7,2620009,48,3182361,521706,2150580,0
634,1394097,3.7,406862,120,1632723,4506548,41951,0
406,639487,0.6,1598106,36,1262752,4748494,37166,1
354,2994906,29.8,2511258,24,7129107,3782120,2737370,0
707,1765581,26.3,2858886,12,5993627,1376794,98174,0
892,2291731,27.4,3496360,84,3545384,3349329,796595,0
808,1326427,8.5,3273964,60,6653795,4340082,395803,0
650,2112649,6.6,2098690,60,4861547,4077525,1747147,0
324,2087601,12.8,1248034,48,4792650,2155290,1566822,0
893,1882668,13.6,1081930,36,900236,3537791,2516751,0
570,3763197,0.2,3971679,120,4306209,1929233,2961272,1
474,3044732,23.4,2452810,60,863777,1271105,2237721,1
836,2476364,29.9,3639047,120,5471452,3364205,1400120,0
748,741034,15.9,1763305,84,538836,2331184,139883,1
750,2939507,11.6,1967731,84,4113946,1124023,2767259,1
466,1040101,11.8,3311741,48,2938769,3303525,1682846,1
896,1707943,2.9,2905178,24,1046579,1608741,652404,1
572,2191550,8.0,843076,60,3783093,2939014,1625394,0
619,878188,15.1,2119835,84,1605382,1807007,1175360,0
751,2069550,13.0,893123,48,1956625,4425488,1050240,0
696,1481281,16.4,3055676,12,7119144,4253019,1359983,0
403,4278862,25.5,168242,120,2797420,2369223,2260689,0
481,4326466,6.8,3316580,84,3231507,3552302,491456,0
517,221926,0.8,3719763,36,50080,889937,2892017,1
869,3091602,1.1,141729,48,2404184,4986876,187262,0
729,3274645,4.0,2540039,12,2808708,1072910,441560,0
520,2014346,17.1,362571,120,5753248,4334765,2028652,0
741,2451786,24.2,1472687,24,953370,4230283,435672,0
743,3991549,26.6,1379046,36,7439002,890896,2332957,0
536,2014220,19.1,2102814,36,1027075,43604,2204208,1
542,509395,12.1,3674574,24,5222397,3685210,1289661,1
837,1988036,4.6,1873304,60,36048,4345652,1363249,0
637,1418677,12.0,1623181,120,6556813,3581815,2999925,0
389,2037067,10.0,416477,84,5571045,277940,2385657,0
732,1304495,26.1,3555674,48,6700464,3227280,1896067,1
654,919389,14.6,1293067,12,7450271,1958292,423232,0
605,4929750,6.8,1876614,120,6671945,4578172,1769007,0
735,818561,8.7,414592,24,4972365,4000881,119572,0
845,3589273,4.1,1190969,120,6707728,3994602,755444,0
498,3644368,27.6,2235733,36,769616,2038077,2093802,1
551,3165373,1.5,3607549,48,5161699,1610233,1222885,1
413,4574991,0.4,1349129,48,7917196,4111741,2984134,0
688,223927,5.5,2264650,48,3017572,575771,2818095,1
542,1647820,24.3,3508790,24,7804682,501494,284394,1
505,1084688,15.7,1473913,48,4053283,310763,2650295,1
718,2969246,18.8,1214566,36,3745876,2557711,2593014,0
545,3250598,10.7,225407,84,2400978,377299,318403,0
579,4509928,2.1,3636435,48,862953,2912370,1155869,1
564,2022653,25.7,488185,120,7010885,836733,2845820,0
455,1332314,5.8,900903,36,5765915,4454343,50368,0
375,4636546,1.0,600275,36,3201626,2161814,175899,0
797,3430342,17.2,2844675,12,7691746,468107,1530065,0
355,3870677,2.5,1491103,84,1470651,3468317,2859336,0
495,2335897,2.9,2834644,12,6229597,1693003,836562,0
701,2347443,24.0,2448965,24,3617664,1309131,2318503,1
378,2067424,14.7,109594,120,4993623,3296741,2080210,0
693,3797672,7.2,1264981,60,297930,4778187,438132,0
740,1210954,10.5,66126,48,4886655,4899651,863492,0
698,4881941,21.9,308834,84,5433350,2177524,1872290,0
483,1044441,2.0,1918363,84,7823345,4241372,1445100,1
311,2412708,3.5,1095994,120,2768950,1046739,711939,1
833,1710144,18.5,402003,60,584954,4232476,601695,0
496,3284124,18.2,1664292,48,493397,4710117,1671590,1
783,3467321,29.2,1835030,12,1196448,2585913,2484306,0
418,4609591,11.2,3969467,36,2395535,2615108,1238986,0
397,3988243,2.0,2663117,60,6646492,2821496,2776295,0
767,1393638,16.1,1602298,24,1561489,365020,2001620,0
864,1191954,19.2,1919525,60,1160904,4292901,1210007,0
817,4455478,4.2,402321,12,254991,3688048,2120699,0
751,2541778,16.6,1577275,12,3066372,4348128,1346640,0
448,668214,5.9,2345404,36,4827863,576654,2270043,1
848,4159861,25.3,132867,24,2251994,4011373,2948052,0
701,3312551,25.1,3682579,120,3963860,1813843,2363637,0
403,322741,12.9,2084571,36,1947557,4092857,426346,1
377,3957623,29.0,3157448,36,6400032,4969400,214834,0
823,3115404,29.4,1138610,36,205775,4398150,2425859,0
465,3150110,3.9,3353063,36,1605533,4577821,2541783,1
760,4351700,11.0,1499055,120,4530010,568909,1701836,0
383,2578567,18.0,3716516,84,6739407,1643339,734958,1
468,2414075,2.5,2112497,24,3209916,1463197,2642204,1
470,3163266,11.5,2564347,24,557195,2568651,1345372,1
468,1149356,7.8,854986,12,4412722,4880568,877285,0
705,927985,28.6,3979945,24,2163146,3429120,1098742,1
849,4250133,12.3,810925,60,2436065,2723881,888474,0
847,1234739,22.9,181462,120,7378037,4024942,847177,0
745,2620853,11.6,1787334,48,7531687,882319,977460,0
421,1495517,4.0,3347617,12,2070285,3302706,2022532,1
877,1306198,25.9,3688654,12,4730778,2515278,49893,0
625,3069341,0.0,3435193,36,4326693,1016279,1088667,1
628,4051339,1.7,2234589,24,7689657,3228921,509678,0
721,2321125,10.9,3670967,60,7569690,4202380,1944414,1
762,865895,20.6,1993516,12,2800047,4141110,2983760,0
872,1373484,10.3,1938769,24,203392,4215736,2363500,1
650,989953,2.0,763966,48,18316,4060884,746845,0
666,4437485,9.5,3161636,24,37168,2344659,1539540,1
748,1733744,7.3,1298574,36,6250125,246207,59751,0
453,1994825,0.2,820567,24,5919190,4826600,1238726,0
484,540978,16.0,1509709,12,6619031,2267625,835621,0
675,2340952,3.5,2432364,36,1116330,3163933,1505239,1
338,4586838,8.6,1116515,36,469627,102845,1225170,1
492,2166565,19.2,1466648,120,1363301,4443393,2047968,1
731,3325969,21.8,1353948,120,5002954,4440781,1643362,0
886,1073326,7.9,2404886,48,71944,4641003,2816679,1
612,886112,9.9,2870591,36,5288143,869530,205698,1
540,3711810,7.4,2718464,36,7111243,4214884,2833741,1
564,515532,28.7,607587,60,1165871,3124374,2371287,0
711,2352600,5.7,1420921,36,5910878,730526,2138663,1
627,1720180,5.5,2611556,84,4420196,2853092,2476504,1
313,278034,13.4,904141,120,7553315,2382389,151159,0
624,2749790,5.7,324412,36,1945591,3127647,639481,0
540,4827266,4.7,1320667,12,1815166,418322,2415,0
721,531911,2.9,2730952,12,131613,2817083,2395255,1
825,4115666,19.2,2672631,120,5641013,3387376,1063849,0
878,2788059,18.4,562644,36,6935289,3577944,1084281,0
666,3673085,19.5,2723653,36,150271,3845859,1831973,1
517,663435,23.2,817994,60,3933561,3130550,1269330,0
566,4371641,9.8,2978202,120,5792869,3506887,1911697,1
406,254799,27.6,2287776,36,6253593,451501,2809165,1
862,4552675,22.0,549819,36,7442370,3989432,996217,0
809,3357472,24.1,1433218,120,5783144,1833840,2675714,0
813,1819950,21.6,3283144,12,7364370,2738004,1597160,0
497,234089,10.8,1759175,84,7949643,2732967,1125332,0
493,3132602,8.5,2768184,48,7420033,4880271,2757421,0
814,619687,12.7,3005657,12,3503627,1625987,1464331,0
627,3122278,2.9,170495,24,3256276,1921549,383218,0
723,3911098,13.5,3729328,60,3420405,3801655,859571,0
594,1483038,1.3,1375611,84,7605692,3171585,2536552,0
566,1345868,0.1,3183955,24,2254044,1589488,1546303,1
679,1265371,27.9,1893509,60,6018720,1721592,1680079,0
788,1279225,20.7,2329008,120,5001178,4143421,2045724,0
500,746754,16.9,1474439,60,493823,4179309,583397,1
786,1398568,10.2,3420229,60,3888900,733668,278003,0
446,3364708,17.1,513796,24,1557831,1999438,1321191,0
542,1652082,26.7,3589662,60,5830089,3846963,2759524,1
848,3948411,19.6,869018,60,3578757,593055,381438,0
873,4132589,18.1,3538483,12,2852093,917327,2156622,0
855,3852575,13.8,147017,36,525004,792535,2937607,0
489,2789742,10.4,104401,120,1046758,2640076,290258,0
806,1718122,21.0,417654,120,6112239,2254773,2606967,0
862,4663492,29.4,2214086,24,6899484,1602622,325520,0
887,1185247,12.7,1101885,84,2329045,679955,2231049,1
312,2429644,11.8,2411689,48,6624376,3186672,2391717,0
747,2377348,12.8,3288883,60,4416017,4036487,939380,0
899,3778829,12.8,157244,48,2808001,1063702,874999,0
759,2824705,29.7,2130218,120,3611738,3332297,1564299,0
440,4037667,21.2,2970169,48,5522814,3977049,1519612,1
758,4611619,10.8,1726767,60,7272849,2785475,2580392,0
363,2075001,11.1,3703945,60,3939223,2867919,1777109,1
588,4399152,12.9,2665544,48,2772886,834023,2904377,1
676,1014480,1.1,186404,120,6087777,4786366,719772,0
574,4597080,15.8,2188967,24,4200768,4782512,843232,0
720,1054349,24.3,1566619,120,3121059,3558852,723193,0
444,4281260,19.8,569480,60,3678217,4513696,1951675,0
664,2073187,6.0,3804096,120,4285114,3036978,100516,1
687,4829990,21.8,929362,36,1121778,3306118,2580741,0
680,820134,21.6,379297,48,462528,4145794,2315475,0
473,2434400,7.9,928963,12,5318174,190673,2964501,0
483,4529026,18.7,3300998,120,1399280,1098413,2875375,1
454,427872,18.3,2419813,84,4253044,1017020,212155,1
577,1472071,25.2,3288887,36,6254125,3163712,2243065,1
652,601097,4.1,1873416,12,1719838,1211955,1510866,1
517,1742113,5.8,512073,60,3052524,1952019,2206500,0
546,2073325,14.6,1580961,60,7826369,2468855,2620998,0
472,3170675,1.3,839090,48,280843,3718955,1749530,0
431,1436898,12.5,2248725,24,6045787,2587096,9474,0
695,961685,23.6,1114229,120,1341090,122347,2594270,1
790,1015715,4.5,3881958,48,7245386,3433458,1311706,1
474,4704340,13.8,1539956,84,3292784,2138560,1376247,0
817,4775379,29.7,1291064,120,54270,566952,1752596,0
643,1262740,15.2,3938758,48,5743305,3258510,2734823,1
400,1138014,14.9,2104772,12,1178001,1351097,1579471,1
519,460138,16.8,723416,120,2907880,2303197,622987,0
304,4805021,5.6,1947462,60,4018653,4837472,2198318,0
323,3589523,4.4,1056039,120,5961486,1189858,1899050,0
502,3852027,20.3,2880740,60,3351493,4426252,196566,0
573,1594755,11.9,2316117,120,6864485,2321746,1598005,1
779,3276539,8.7,2934647,120,3853641,4662769,2356250,0
380,487085,0.9,3763537,24,2729093,4248723,2652294,1
804,3444891,25.4,2929830,24,6403005,4161280,849511,0
440,2982353,1.0,1395239,24,5318927,1034195,1567597,0
383,1791077,22.5,846002,84,1015045,3954394,2472688,1
720,3610253,11.5,2141011,24,6002992,1835861,1751279,0
765,3302850,18.0,1823918,48,3322268,4550767,1258464,0
663,2307193,7.4,1286550,84,2790659,4951678,552730,0
369,1096122,4.7,3254140,48,780499,3058943,128755,1
369,313118,16.0,3642003,12,7985730,4564086,2070260,1
534,4700987,20.9,1557044,36,420223,2666627,2891745,0
570,1550524,5.9,2739511,12,7973131,169841,1802459,1
900,1648608,13.1,3937808,36,516219,4369918,2341648,1
472,3469117,13.3,96973,84,4042680,2651660,2031513,0
415,1424895,6.5,1490907,48,838016,220150,1043448,1
868,2003622,17.0,2964437,60,3942669,327065,1568459,1
392,3613582,4.4,2015784,12,6685808,3616224,810082,0
315,3057804,15.3,3177953,84,4720380,4619525,669623,0
554,3350954,3.4,1924376,36,4349417,3486917,1766891,0
541,222419,14.6,304383,36,951744,2207725,1938026,0
672,2366235,9.3,1762972,60,7579106,1534954,2961884,0
827,2481286,13.6,1647796,12,3003134,2092185,708595,0
860,3235742,13.0,3390244,48,4304002,1614071,870500,0
474,927000,27.2,632030,36,7181596,1364730,498373,0
889,965566,14.7,663337,24,5029691,641830,2844814,0
680,3859672,24.6,608919,120,5879621,2844095,2344440,0
341,3431976,6.8,2292276,36,1475871,1091928,991161,0
864,4093676,10.6,3982459,12,3680631,724993,2906808,1
382,1498931,2.3,2493476,48,4324648,1379188,2112293,1
653,4988496,12.6,3274341,120,1405862,3994775,1429121,0
775,1509612,20.1,3412325,60,3082420,2864796,1145203,1
449,3324620,25.1,2422394,60,6651687,2456052,1707637,0
462,978463,17.0,2456341,120,7451483,2959610,255156,0
586,4608814,19.2,1010104,12,6586849,2832315,516189,0
831,1795410,5.3,3842081,48,7471370,2488492,2808569,1
434,4051895,1.1,3161922,36,7988016,4204024,619921,0
698,1790005,23.8,3495063,60,1587989,3651776,491784,1
572,3996070,5.0,3935660,84,6844062,925744,2579751,0
367,2380059,2.7,1427523,12,4961047,4085782,2834075,0
727,499956,28.1,617803,24,6871122,875915,2453991,0
800,1114013,28.9,3446631,120,5105407,390398,309920,1
645,3480508,18.5,1918192,48,999586,2104008,2516769,0
405,1126436,11.4,3835988,36,4500281,1964047,800842,1
393,1521528,25.0,2793249,24,6083172,3930641,33044,1
554,2800345,6.1,1065929,36,994637,3476228,2762771,0
604,1414633,12.9,1451544,12,4036117,292727,802937,0
631,818611,10.7,2460325,24,5232123,2493822,1975623,0
446,3196630,27.4,1607575,24,3714255,3975851,221391,0
600,3506706,27.6,1163125,12,6392683,3665933,568450,0
477,3718632,19.5,878826,120,1015864,2503783,2642330,0
712,4730947,3.3,2615791,84,2761808,3078789,1776280,0
778,797570,14.5,188958,120,7610361,2808817,2995912,0
692,2248619,7.4,419889,24,4116414,1156618,541173,0
300,1323178,26.5,218013,36,1447930,2821930,2672213,0
896,4525306,4.2,2950043,24,930623,3375601,2623327,0
314,2791001,1.6,165826,48,4745308,3476319,2772541,0
900,671919,21.1,1708288,24,7445510,1248854,149485,0
319,3522310,13.6,529233,24,393317,38864,313582,0
610,406196,25.2,2369863,120,876302,3776488,1589333,1
363,1516028,2.2,185930,36,3001797,1949469,347115,0
357,3662571,24.0,152156,84,1667017,2061341,190419,0
710,2628825,1.1,1673486,24,968622,3121633,2434199,1
737,3852904,0.8,2796994,120,2387828,2802585,2085068,0
371,2941711,13.8,483018,60,5142415,3103025,2532064,0
886,4246680,6.6,2009166,120,6606322,4724344,2807392,0
492,2900316,17.8,3250789,48,2451125,3255780,427745,0
491,472724,0.8,2519742,120,5605248,231358,2493200,1
478,542055,1.1,3013683,36,6585162,1111884,131323,1
577,3929154,21.8,1296888,48,56115,2248402,1115183,0
406,385287,6.3,3770993,12,6822643,2362409,892611,1
555,2007386,19.7,625989,24,1468492,1806371,710714,0
426,277298,22.5,2440980,84,5480434,921897,2155656,1
330,1656020,1.8,1769944,36,6001210,532247,363082,0
521,3056658,23.1,175405,12,6762365,724752,2427288,0
704,1030514,8.1,3778718,36,3230676,4753972,2620872,1
758,2437274,11.7,2823873,36,5276130,1977856,1997040,0
512,4980876,2.6,949786,84,209708,4807298,243327,0
494,538372,25.2,256808,12,3575342,1674541,1789879,0
773,505585,16.8,2719564,12,7711335,1557441,1886488,0
709,1501990,15.1,2203111,84,1268237,2447788,1119102,0
800,4169639,29.1,246882,12,1209863,4733583,1101802,0
844,2147829,10.0,3945019,36,5601031,2815862,1407500,1
793,3269573,26.7,2886494,60,4083733,175868,2987335,0
862,362578,21.6,1877490,48,3639562,1357599,10939,0
550,3728386,27.9,991827,12,1986529,4904480,1526470,0
537,523644,27.2,1120630,84,1370168,772747,950795,1
493,3616242,29.7,1833492,12,5899755,4179660,1646373,0
441,910012,4.0,275754,24,2862075,1071651,11882,0
750,4320486,23.9,1502625,12,6213809,2794676,2753667,0
729,1621438,24.1,908944,48,3546712,2997736,1370999,0
781,1082202,19.3,495719,60,3177763,3969046,2908911,0
400,1816184,8.4,547312,60,1840975,3991497,462672,0
595,203958,29.0,1415049,12,5267597,300461,1750909,1
433,992590,6.1,1561256,36,2277169,1596495,2039464,1
836,3072937,15.0,1432993,24,7272589,4700474,2388547,0
460,1643740,15.6,2775360,36,3266665,1768759,27044,1
386,1898521,4.9,2112317,24,6518473,1229835,1904300,0
642,4074702,21.7,811214,84,3759609,3144864,443453,0
828,794179,2.7,3890789,84,3319182,976371,1282201,1
850,2100281,20.8,2933901,84,3625548,735470,160137,0
357,1093466,25.5,1906569,24,3531808,3989823,171946,1
495,2517669,10.5,244216,12,3831840,591053,2298959,0
392,1792397,21.3,3661984,12,7095027,4455560,2153232,1
485,421899,4.7,2990814,84,5624624,1249026,2685844,1
620,537120,25.4,1873153,120,274982,533940,2100789,1
468,4291205,28.6,688927,24,465789,3706299,1787513,0
340,473183,4.6,474796,120,182492,882678,350107,1
606,3957007,20.8,1195012,48,5527356,1832996,2295314,0
331,4596926,15.2,959104,24,1646362,1755879,690206,0
436,2435890,15.9,876796,36,3082265,2536791,319910,0
300,1698093,21.2,1659695,24,6620973,2366715,2196385,0
352,3926323,14.7,234040,84,1054318,977252,1764101,1
562,4914708,18.0,1335206,24,1225705,1173333,449136,0
811,778050,6.9,3490579,24,635519,970528,1647715,1
765,4828962,11.4,3470026,84,2282234,277633,2072805,1
359,4729937,26.0,83236,36,716901,3252256,1496663,0
320,884342,3.3,2730650,24,5032550,2353860,2153932,1
503,462743,17.9,3964810,84,5894165,541876,1513555,1
692,3631637,5.5,2334318,120,1473942,1656609,1060031,0
748,572808,25.4,1591852,48,4194593,3339204,670272,0
794,3083864,17.4,1990357,84,2424931,1425865,774545,0
505,510830,12.1,892304,84,642263,2003509,2427355,1
400,3515106,7.5,1619219,60,3735302,3718716,1119118,0
315,1312184,13.1,3750900,84,5578228,3356355,2148522,1
388,661716,28.7,2468160,12,1824874,3503538,1077590,1
339,519752,15.3,1751967,12,6304816,1908647,1576367,1
817,1105088,14.1,542198,120,7939310,2419908,1821060,0
461,2795611,22.4,3629580,12,450360,4230261,1433175,1
794,567865,11.4,692006,84,1307568,4361385,2231545,1
632,4050912,12.8,2900340,36,2315264,277780,2772429,0
623,3099844,10.1,1247309,84,6799497,4190072,2585258,0
573,1627050,4.5,1150542,60,1136877,4466487,2764273,0
792,4935638,21.4,726179,12,3760799,4712395,89976,0
326,3360989,26.2,1531569,36,4299104,1343306,2277930,0
355,3425526,27.2,2724540,60,1032989,2506546,2179655,1
554,1034943,26.4,1695730,120,336002,212711,1237204,1
537,3611656,13.6,147834,84,947889,548805,942558,0
627,2884131,8.5,1092817,120,449654,2812022,159475,0
743,4926009,19.1,682701,120,4002368,1030294,2515926,0
653,2494387,28.6,1636903,120,7492564,1121771,2520577,0
454,3454456,21.8,3615302,60,2828161,1484269,227150,1
496,1837419,14.8,3852839,36,2053744,2296016,1746420,1
752,392871,20.7,3990296,48,1876818,764699,1653524,1
421,814000,23.2,495057,84,7850799,4011571,517224,0
603,4361627,27.6,1975982,36,7671514,3340244,1646021,0
623,3742984,22.9,230056,84,5188139,3957734,2435241,0
750,1950456,13.0,2006712,60,3707038,4630357,979534,0
729,3549559,8.2,2327875,24,1278500,3001928,2177232,0
579,220945,15.0,3104925,120,7430488,1808473,2910920,1
485,378471,9.8,1378874,84,10846,4889360,1364332,1
521,2634724,28.3,192948,60,1311997,2828687,320769,0
547,3199828,15.2,1843921,24,5429123,2318755,892097,0
431,4697672,14.2,1736735,24,1467728,2080026,409191,0
675,3846364,10.4,2515614,84,865802,196941,1058229,0
425,1435187,19.2,444320,12,4768222,4779427,1932779,0
689,4112654,15.6,2472096,48,209899,4097126,607943,0
751,2559263,3.9,1633659,60,2159005,3497455,1542898,0
878,4164947,26.1,2969151,24,5141871,1106469,2994208,0
371,1034129,10.8,3936097,120,1479503,4641056,793401,1
756,325885,13.0,949103,48,6074614,881194,2639645,0
351,476924,6.2,3026852,12,757483,1207969,912815,1
502,4956243,16.6,554387,36,4906139,350049,1842274,0
405,586615,21.1,3940932,36,610165,1440986,471070,1
397,4708897,26.4,1949874,24,5854317,1639500,804289,0
405,3689653,1.5,2996892,120,6025347,3974394,2603293,0
326,900988,29.2,3121161,36,6358586,1630795,1769230,1
794,4347558,21.1,2452035,48,2257305,4778658,1708557,0
336,892209,8.5,1568343,48,1890418,1513857,1532186,1
539,887834,6.1,3029173,24,7827354,2622839,734503,1
720,2962505,8.9,1931410,48,5835906,2965965,2787503,0
895,1583929,26.3,2653412,36,1464969,4145544,1180262,0
813,1595953,8.7,2472357,12,233475,3757711,34370,1
382,1136141,13.9,1883061,36,2835573,4337777,2720056,1
893,3116863,21.2,512426,60,5321046,4688834,139665,0
692,328907,26.2,1205558,12,2999269,587304,2660524,1
407,1376354,19.8,3754318,84,6462006,470250,798004,1
569,2856471,22.6,2104703,60,4001222,2245708,207320,0
851,2535413,5.2,2562492,36,7930350,751909,661206,0
536,3559627,26.3,1071049,60,6965087,2467761,1962301,0
410,1237967,8.3,2837832,36,3769902,2949213,1637366,1
825,3309812,3.9,1972372,60,6678162,1381857,458913,0
872,3847726,29.3,914059,24,3585251,490678,900533,0
886,2062657,6.0,627234,60,79650,4822851,632650,0
874,1432690,4.1,1610285,12,2464227,1853821,1959784,1
824,2864049,18.8,2283311,12,3274040,4195405,2592623,0
573,2978533,9.6,1156654,24,7811583,3122761,765292,0
415,651676,4.0,1018870,24,6623494,3310917,2685571,0
670,2912541,18.0,1114961,48,1172906,3902725,1224275,0
432,940658,22.8,1209752,24,1582,1325744,248075,1
584,2930365,23.8,2969088,24,4230302,1087996,967267,1
694,4672615,4.7,2021161,12,4269117,4983890,2621770,0
868,2777947,16.7,1902987,120,5883060,3339928,2425494,0
473,3855237,24.4,691978,84,2075805,1461147,2185481,0
451,1686580,4.8,2201006,24,6497502,3229348,1196257,0
741,4629148,6.2,3851401,12,3302148,1968338,2327131,1
303,4101239,0.1,2994776,84,2676606,4298081,2130844,1
640,4600066,15.7,1815430,60,3362438,2541188,2375446,0
748,3759663,5.8,1262533,120,7555965,1568737,1673316,0
631,3317085,21.7,1441503,24,3134035,3451847,1521700,0
530,2720008,28.9,156105,36,4484627,3750460,2900311,0
797,4655546,6.3,165326,12,7135601,1863264,2840723,0
522,4271324,19.5,3116581,36,146267,3760000,1608505,1
727,2200180,6.4,3380855,24,4291709,1170747,601079,0
578,611130,0.5,3875791,12,5666709,1195972,1226914,1
315,217357,22.8,2522044,48,7229974,4132605,1514895,1
618,1320714,13.0,3720292,120,492110,3105789,2031376,1
329,500341,28.4,1694800,60,5813939,175693,955658,1
859,1215209,16.0,1053631,84,6420428,3375811,136216,0
661,725539,4.7,1019854,84,2808960,1529298,2467294,1
523,4909050,13.5,984725,120,5968961,1372142,2847030,0
592,657696,6.1,2993293,12,3948509,2120387,248102,0
672,3209078,26.3,89246,24,5264756,2259000,955483,0
456,1888171,20.7,3784625,60,3118868,4459229,1301035,1
473,1036234,10.2,3110513,84,1417495,2178889,2281262,1
551,3566100,15.8,1554198,84,6628595,1483382,2320433,0
455,4858664,20.1,2822341,84,1731571,3867548,1029959,0
755,3995115,23.5,582760,36,1500782,2713479,937023,0
362,4881148,2.4,1754000,36,7088680,3456,1215530,0
796,3033024,0.7,481319,12,7491299,3160983,721429,0
509,3433158,3.4,492783,36,4874560,2505133,1309562,0
637,902893,11.8,75129,24,4643396,2873019,787647,0
394,4291599,14.0,3193453,120,2886353,921704,180718,1
531,3789928,4.1,2988624,12,4894064,2391827,2140771,0
753,1419315,12.3,3577251,36,4873784,3234210,2361445,0
462,1903049,13.2,3926512,120,4134411,3384673,860348,1
379,3132273,3.3,3860919,120,5241087,3401844,1202484,1
613,262368,27.5,3971631,36,4435972,4987999,1208051,0
397,4125982,18.0,112644,48,7033795,2505633,66410,0
489,1546825,11.7,3147579,48,5341403,2149538,1637004,1
570,559891,15.2,2906727,84,3081678,2710148,1375260,0
639,1786882,9.4,690626,84,5240282,1644674,2822281,1
684,4211690,25.6,590403,48,1840818,1575291,1115284,0
706,1516378,17.3,3911953,36,1713176,3450957,2383043,1
807,2788115,14.8,3536031,36,6614657,1566613,1171823,0
339,4096977,27.3,1344863,60,4659521,3744865,555845,0
517,361813,25.1,345327,84,429955,3725586,1045982,0
300,3847647,24.4,1367797,12,2837011,4767017,2649253,0
305,1585726,6.8,71005,84,7873951,658656,768944,0
427,3538650,4.6,2764981,48,5096243,1816451,2534303,1
659,1102842,20.7,1551612,24,6948785,3857517,1996422,0
837,867224,14.1,243744,12,4382677,2145894,2235674,0
764,3983831,20.5,3919896,36,340828,3275066,2257513,1
688,4077603,22.8,3311791,24,1437439,3676388,1550718,1
767,4910363,8.9,3623686,12,736966,4422374,1805565,0
403,3450445,8.5,3989325,36,5877872,1130584,209444,1
804,2436221,14.7,105982,84,6052997,1300723,2097161,0
835,1135221,8.2,3111526,84,3656108,2354430,2134516,0
357,1617044,20.0,3160736,24,5795461,2530895,311095,1
582,3310851,22.4,3137622,60,4411532,4525331,1555027,0
798,1861294,14.2,1096964,48,5918538,194947,1526841,0
586,2520856,21.7,1591739,84,5381143,1226361,929325,0
805,1006707,15.3,3720105,24,3644875,4562533,198401,1
862,2308880,21.4,310389,12,5222974,3073277,29814,0
585,1342266,6.7,2582263,36,2548875,3376957,625653,1
335,738191,22.2,3181037,120,5991431,1248483,693147,1
504,833351,21.5,3202276,48,7309250,3114376,635767,1
429,2687861,8.0,2408775,12,1654014,1849159,1817071,1
584,1958822,16.7,3079111,120,5336319,3663446,1263458,0
652,679672,25.7,3641888,84,883129,452695,336919,1
578,2668635,7.5,3075143,48,3019995,1421644,251770,1
417,988416,22.1,508053,84,5353437,3223087,1966256,1
481,274132,28.6,1015933,24,2219273,3019301,2803645,1
708,836222,26.0,1255236,60,1887879,4201851,2459017,0
316,2352916,12.0,1405219,120,3071076,4004610,2273235,1
428,4779720,18.2,1474592,48,916839,72183,954535,0
836,1360025,29.8,918454,12,5003541,451472,2111968,0
359,1567350,17.1,2748955,84,1049900,1771440,245956,1
549,1364742,3.5,485435,84,2665290,4794085,514099,0
424,1904981,1.4,3161594,84,2502401,2385858,419096,0
362,3643169,23.7,2651641,60,7743110,4459434,551062,0
554,1745987,12.7,3846031,12,7934297,296228,1073727,1
613,3356330,7.4,75824,12,634449,4815095,130932,0
405,4511603,10.4,1216858,84,1258082,305509,2440303,1
346,4741675,22.7,3598429,84,5857490,4041743,2145103,0
380,2902236,14.0,1999864,12,2388292,4384569,1902836,1
691,3623549,26.1,2265632,60,5152809,1471555,526415,0
817,4611968,22.0,164395,48,7365874,1504136,2603663,0
408,3976120,29.2,3060326,36,1302805,2907777,19166,0
492,1639639,26.7,1049302,60,7706465,3610328,2983282,0
506,833736,7.6,3854348,120,419896,600812,2180371,1
516,751206,19.8,1527314,84,1830747,1184594,607698,1
446,4433851,0.6,795058,24,4060560,3770834,590332,0
333,2869849,29.7,2395535,48,7043622,4037493,2084465,0
615,1622461,7.8,1935849,120,4431089,768198,2424464,1
514,1858577,19.9,1909840,24,1111343,4448046,1399550,0
505,1552071,25.5,3801903,84,1991359,4334120,180264,1
459,4049153,4.8,1489676,48,6092292,4339749,1480434,0
858,3139562,25.4,1620935,48,4492600,1202785,1438300,0
666,4421233,0.4,2515108,24,104065,3345790,976744,0
551,1648508,13.3,723129,120,4012552,802059,2708968,0
423,2468353,14.2,3323032,48,3252957,982086,1027536,1
781,784326,11.2,958091,60,4654,354521,730712,1
833,4862524,17.6,1004640,48,1978681,2465440,2028846,0
319,2656946,27.4,92327,12,7482698,3556826,1854864,0
858,2854462,9.8,1404360,84,5632064,993777,1862409,0
720,2185600,17.4,2351710,36,566388,931019,1512153,0
359,1500418,26.3,2834449,24,128449,1384808,955511,1
752,4752347,23.2,3599257,84,2767518,988339,772815,0
364,2547082,1.2,3122866,24,3719214,4164502,355742,1
330,3438904,28.3,1318018,60,3627775,848483,557009,0
369,379089,1.4,3310318,48,5573832,1392491,1734724,1
576,1524465,17.7,818494,84,1386888,1528975,1218352,0
672,4059206,17.3,876858,12,373639,1013546,2218189,0
544,621607,23.6,1464357,84,5381401,4706058,2412878,0
373,686888,4.5,2180105,24,7179202,1048045,1675865,1
419,4087226,5.4,852365,120,1341894,2433108,313949,0
812,1681993,22.6,3605044,36,2889579,2830706,10952,0
878,1514618,4.5,1117582,12,5013234,1304389,685388,0
753,2913519,14.1,1598204,48,1322126,2356228,846946,0
362,1135624,21.9,2439748,12,6879610,851953,220958,0
792,406280,19.5,1748038,24,1803716,2414133,2335738,1
715,221359,6.3,1645359,84,4260761,94507,1101256,1
616,580721,9.1,3940051,48,2711247,2195114,2227645,1
386,960949,29.1,1771707,60,5339318,1824963,626438,0
899,3541359,13.5,496558,120,1587001,1752850,31230,0
566,1630163,1.3,2934540,48,785830,550307,410910,1
326,544530,6.6,2837128,48,4084630,4993735,1410889,1
426,269237,10.3,914813,12,6921789,135060,1439076,1
541,2489998,30.0,3408228,36,5063454,730499,1311954,1
337,4232614,9.1,1598151,84,6044789,514898,2878397,1
494,1825739,0.8,645634,12,3467441,4888567,1956844,0
581,506484,15.4,731196,36,1120963,1592607,2195806,1
870,1294781,2.5,2872090,12,3416257,2154787,374940,1
351,2596964,8.2,903346,120,7899970,3754319,1396721,0
646,1106138,29.8,1905466,48,6253596,252311,1864246,0
850,4896697,21.1,2949697,60,5628289,334931,1754346,0
784,3864374,1.5,3418919,60,2408134,912592,2840755,1
855,1853979,13.5,1984106,24,4797285,3393370,1427156,0
402,4767403,5.1,3634437,12,4982151,4892458,1115248,1
781,1760100,3.7,1245350,36,5233579,3102713,2833134,0
888,872862,17.6,3496316,24,7143373,4360873,1012069,1
495,4703763,15.2,1038766,36,5452613,4409951,1710606,0
599,4806470,22.3,304321,36,1772115,1381844,84820,0
619,1700753,26.8,2915100,84,1772552,919935,496711,1
596,3054860,7.4,3039579,36,4959206,800736,172185,1
474,1031804,27.7,3708984,24,6929627,3971339,1253510,1
883,3279970,15.5,3690034,120,7583775,3347127,2794718,0
874,3512569,7.8,453867,12,4877270,4324326,213843,0
528,3607647,25.4,2504326,24,4238362,2535842,2926506,0
783,2929930,1.1,2832513,36,6528150,4882421,2606909,0
538,3579771,16.8,2423461,12,7815182,4470401,16925,0
777,2864235,21.6,123855,120,222975,4042747,46292,0
651,4135094,8.4,227771,36,2480368,4015771,2702039,0
582,1062018,25.9,2698663,84,2670842,618841,1755848,1
376,2520650,7.2,3431331,12,4514351,3723934,521880,1
693,2198697,25.2,757823,48,2359082,4735645,2861493,0
492,2760121,2.4,233294,12,2488286,1460784,1684076,0
430,881998,4.8,1645830,24,195267,4074961,1905646,1
416,1754369,11.4,1288363,36,29755,1750028,2034423,0
890,4779876,25.6,3932470,120,3599886,1061626,604853,0
362,705236,4.3,3707160,36,7978465,3652752,1077176,1
779,3249474,26.3,2254523,84,2365104,825987,386031,0
820,3390273,6.9,3801494,12,1920480,2406318,1586964,0
318,2477675,13.6,953807,24,2115499,4682071,2961945,1
654,361327,10.6,3968008,60,7784816,784400,1882627,1
647,364909,3.5,1815642,48,5310786,778493,2075983,0
515,1523048,28.3,1931789,48,5224263,4714557,581779,0
700,692067,13.1,249700,60,1514981,3885517,1625859,0
545,652303,20.7,750846,12,7231469,2308066,2982770,0
564,968581,17.3,817952,60,1573712,2026296,264335,0
559,1115490,15.1,1977381,120,7737622,4819981,611645,0
781,4224683,18.5,799688,84,7619623,3619027,2159635,0
680,3265909,27.0,454136,24,4542634,4541098,31015,0
527,345967,21.0,2440196,36,6945440,459256,619778,1
856,3216688,16.0,3496518,120,7997531,2652416,2832854,0
782,856202,19.4,326349,84,4642890,3625292,57496,0
860,2221064,18.2,2264122,120,6138640,178833,1287383,0
739,382618,13.0,3843138,120,4725243,2559557,989813,1
535,632825,18.7,1647798,48,4190516,278185,1195859,1
764,836456,13.3,772696,12,2677513,4501892,774180,0
497,2280195,22.7,364146,24,5239546,3404779,827014,0
462,2422788,29.1,3748518,36,2138192,941992,2282195,1
571,1893175,28.8,1650701,84,1554171,2607288,77495,0
882,3176813,24.6,465371,24,2203613,546780,388659,0
641,3658204,18.1,3471457,36,88260,4019287,793704,0
530,3697918,22.5,3217953,84,7470811,981101,2479468,1
577,2979328,5.3,2828454,24,2054315,3036383,1179901,0
475,2818669,14.4,383210,60,6399511,392876,104452,0
695,2559516,7.7,375699,48,3479767,789506,1560988,0
510,1342086,0.1,914519,120,2715464,4900753,1882018,0
633,2537514,29.0,681633,48,1824420,1929251,1372933,0
522,248470,25.9,2150817,48,6565702,614283,265924,0
492,4838226,15.4,1599618,84,4112287,3499429,2637109,0
883,1976449,7.6,3073001,120,3597724,1004254,2574558,0
507,3830213,20.8,450431,84,5263553,2947064,2733990,0
342,4792180,13.0,2925426,60,6420971,4048429,2891801,0
527,2585502,24.1,3739463,120,5246351,3417082,951465,1
619,4336771,30.0,565808,120,3742807,1233772,1264982,0
356,2500269,10.5,2626554,84,7150116,1184812,2878664,1
483,834987,7.3,2060589,36,7165241,1111466,1349274,0
399,327099,8.0,424550,60,7730553,3159730,2594803,0
600,850987,2.8,1206675,24,728031,3361549,1943129,1
734,4724045,11.8,3162827,48,7125560,2604846,2782905,0
882,2480520,0.5,3482577,48,1545420,1993826,31232,0
533,1732035,3.4,1505203,120,4961400,310478,2118993,1
818,2341093,8.2,470770,48,5263902,4177396,2402511,0
428,1428507,4.8,1017239,120,1646113,3300851,594815,0
769,4378655,22.0,3381558,84,65011,3191347,2206231,0
638,4997163,3.2,2301441,84,7547610,518603,585683,0
755,607597,26.0,1750409,24,7129850,1441073,2714453,0
754,3649711,6.6,102819,84,1398883,1518952,2725955,0
619,1810881,3.3,3141663,24,4810644,2989616,11136,1
454,427346,0.3,1888321,60,1211419,3936638,1521136,1
616,4626610,21.5,2203774,48,4532349,4332308,1147473,0
796,497050,7.7,3383030,24,2540554,2610410,2671402,1
883,1188331,15.3,2271469,120,6013360,1822415,960827,0
857,322407,3.3,3715828,120,4588845,2040530,2161644,0
409,2462159,29.6,2260245,60,3984583,3682354,350144,0
659,3078171,3.8,1403091,12,5451781,1590428,637537,0
362,1739231,12.4,3694611,24,3806295,2079165,2955694,1
702,543509,25.5,2587625,24,106341,3931279,1154279,1
896,757544,7.3,3053628,120,4767623,2715367,2297523,1
331,4680265,8.0,945952,36,6224178,2338591,2903476,0
694,4068401,24.3,2700656,12,3922974,3668500,2895664,0
868,4697152,8.2,2262842,60,1400156,1443142,58748,0
809,2747858,0.1,465504,120,62739,302636,698030,0
535,2821060,12.8,1053409,48,2371879,3941925,2143752,0
362,3972785,0.4,3651026,48,6144346,2274748,2780390,1
855,3159867,27.3,2306858,24,2576694,1627371,2936340,0
853,2294916,19.3,3108497,120,7649209,476067,2160789,1
647,1601093,17.5,728302,12,2659568,4631571,312440,0
888,2530436,6.0,910534,120,3420933,3625028,2227547,0
302,507068,21.0,3767869,24,6082941,1370379,815978,1
670,1123752,20.3,1709669,12,4911521,3039031,2425850,0
323,3739810,1.8,3553324,36,327554,2321688,1641039,1
862,4366659,26.4,3242934,12,610238,1634648,551628,0
708,688572,17.4,1380827,12,1572142,1558073,2531295,1
848,665153,23.8,3800562,24,6973034,381407,2966556,1
638,610676,7.9,3117819,60,178553,4873894,1519536,1
350,3999576,3.7,554352,84,572832,4629013,2437694,0
315,1693871,21.1,427241,24,6226396,4352660,178788,0
501,1768468,23.8,550219,60,4982817,1575018,813582,0
746,259835,11.6,2974426,36,7869779,4984360,381553,0
390,4868479,0.7,615599,48,1756778,1376884,851789,0
812,2283371,24.5,1165713,36,5276377,4122265,1127830,0
443,4027744,6.2,1765983,120,1076174,505024,1294090,1
598,3596869,10.2,585785,48,4721114,1552313,967622,0
422,880520,18.8,1355200,48,849418,2886766,1634278,0
579,4046475,3.0,2728855,120,7264530,4838927,659036,0
571,2841458,2.2,3889823,60,3327908,1328267,1043348,1
303,3100675,0.8,1905737,24,2039632,2161929,2520387,1
641,1161516,27.5,2999552,24,7876043,4214266,1686704,0
772,4264997,9.3,2144051,36,531698,2361405,80645,0
862,4672002,19.8,1891923,12,6399155,3413834,984808,0
498,2151210,29.7,2106093,60,4079759,2091611,2488033,1
829,643891,20.1,3836263,48,5500849,19574,540462,1
828,4274106,15.8,284819,12,2082789,1415464,2765041,0
894,4459485,15.6,2077857,36,7050784,2828373,887621,0
524,2631072,11.3,252952,84,3608653,97331,1890333,0
811,2979914,18.0,3506359,120,3348461,1159173,1425035,1
639,1270573,28.8,2424612,120,3650399,4765538,1876051,0
335,523871,23.6,236641,120,2371073,76835,2392079,1
462,4731900,12.7,2514265,60,2550654,1236908,447053,0
703,2518196,10.0,1771099,120,1120792,3096836,1056638,0
396,1519860,26.5,236339,120,3890597,2815361,1704953,0
561,3527517,4.1,3914157,60,3797813,1024572,781797,0
765,325767,25.5,1544835,36,3041215,297955,1125523,1
390,583712,7.7,143967,120,7884887,4498179,2657521,0
598,1364835,21.5,2470763,36,904474,2754147,687149,1
429,2363115,24.2,1532425,24,7282321,2866904,569138,0
622,1960100,14.3,2643889,12,6933806,288637,1749989,1
444,1099265,5.8,691313,48,178112,1045925,299227,1
880,1886478,25.3,3321690,12,5610190,364573,3571,0
346,1802775,11.0,1709003,12,1673556,4895638,2608909,0
879,2718404,9.6,1711892,24,330470,3848736,829238,0
775,2901160,15.3,3224838,48,6888071,2732208,361434,0
814,4439009,13.1,2215618,48,926291,3404324,1968126,0
811,4072537,20.5,55318,48,2391147,827361,1442722,0
412,1603223,4.1,2335314,48,772115,4941201,1365122,1
859,4532805,13.1,2601406,120,1135631,2586211,1315114,0
657,2699699,26.8,1282579,24,493948,2583057,436921,0
878,1100853,1.1,764005,48,6738846,4796746,2575626,0
827,1832667,13.7,262610,60,472454,479702,3954,0
648,3760460,19.8,3392625,24,6073956,2121051,1449528,0
525,4144511,26.6,66692,24,1256898,441395,811318,0
370,1995797,17.8,2354651,12,7319238,2126727,1925194,1
360,956487,24.7,3352696,36,6782956,1335932,1647178,1
534,1121057,6.7,1440897,24,6625867,2305634,1154581,0
787,696849,10.6,840915,24,2386696,3509964,1603637,0
603,3553941,28.3,2874055,24,6265172,1400518,680997,0
589,2614377,26.6,2539506,60,1772642,256012,393215,0
446,2365678,16.7,108829,84,4917652,808918,2715917,0
639,3425061,14.3,2329338,48,7355169,3578904,1841092,0
683,4177598,13.5,51530,12,5787949,2894639,1961495,0
890,4018521,1.8,1628551,84,2156766,4893252,2996774,0
738,858294,26.8,1251014,24,5907850,4471001,2712410,0
664,3030199,24.5,3342299,12,7066564,805589,1754601,1
846,4436067,13.7,3910247,48,7114503,3678649,2377048,0
555,3914479,8.4,2808687,36,5913377,451520,1582915,0
861,1781181,10.3,2950990,36,5858744,480937,713705,0
522,2085008,3.7,139828,120,6278700,3965754,1867899,0
376,4472941,21.7,302745,12,5891675,2004245,2739159,0
550,357764,16.7,3117942,12,1069926,4988375,2639013,1
377,2722015,7.0,1741490,60,6432650,26479,1515553,0
371,757276,18.7,2052645,36,1439766,2513066,2837998,1
829,4494023,29.4,2783390,84,4450839,1539702,592712,0
777,385868,3.7,1420726,12,2715657,4927071,123100,0
432,312277,13.8,2743308,36,1704230,3346883,1209765,1
803,1778929,14.8,2921195,24,2255353,3859410,614981,1
341,1160796,5.0,999482,12,676339,1451171,2873003,1
470,2578358,15.9,2759959,48,3517256,4472361,347292,0
724,1637932,18.2,719150,84,3352348,4202792,1603894,0
482,1910324,4.7,1276823,24,3227458,3920185,2317062,0
739,2911626,4.6,3131582,84,733485,2386921,332606,0
825,2890878,25.7,3933004,48,4854437,4609777,136688,0
339,4687670,9.3,305292,48,1354432,3345841,1660798,0
314,2506924,18.9,2612399,120,6847311,328547,2707905,1
864,2908312,18.8,2300541,36,190720,104684,48879,0
612,3454126,25.2,2442830,24,442144,3414052,61666,0
604,1036316,22.2,3157876,84,2401650,1249602,2776547,1
578,3401419,25.2,326027,12,3263082,4486631,1807641,0
560,4337175,18.8,2970058,120,7759983,3648901,2104198,0
714,1726708,13.5,1153309,84,4202421,4040327,826728,0
648,1056032,11.8,659462,120,3031450,3499130,937012,0
398,1861829,11.4,1815547,48,6700850,2835321,1411691,1
676,1520186,12.6,156754,60,1927141,4318750,642117,0
701,3008710,3.9,2540972,120,7176034,1486165,1325658,0
368,4345933,12.7,2282515,12,3227596,2641864,2861944,1
526,3062876,11.7,2075416,36,2501718,1490712,2246680,1
775,802455,1.0,170747,48,2410708,568384,2607229,1
671,1710559,8.3,3063980,60,77541,4376656,1489926,1
381,3508713,22.6,188922,60,5391015,2485082,2362524,0
324,1785526,17.3,1087142,120,4618355,269421,1263662,0
649,3014677,24.2,1613793,48,5075734,4125894,1852318,0
577,3531416,16.3,2823520,24,5214604,4707185,2190832,0
877,1780005,25.6,1660501,24,218743,3308489,2474598,1
613,3307572,23.9,3275559,84,7021240,1635299,2777421,0
859,2110959,2.9,3740814,48,4090585,4297182,316499,0
428,848243,29.3,3071948,60,5531334,3694356,2381767,1
568,1986473,0.4,203660,48,289597,1424052,2129014,0
383,2317001,17.9,3094844,84,6088370,1650149,2210151,1
645,211457,23.8,864490,24,5418906,4938960,44045,0
413,4484990,10.0,3559603,24,2947442,4766507,1463166,0
595,2733872,18.0,3915666,84,7486467,3382276,2882553,1
506,374267,10.9,382505,48,5205432,182370,2700648,0
411,4366362,1.8,439558,84,7259903,1148088,692520,0
358,4304787,0.3,2803907,12,6572926,1766594,1458940,0
607,257833,2.8,616077,24,1645697,2679659,2591721,1
869,983255,3.0,3876279,120,7971788,4337306,2790858,1
419,1946212,18.3,2184138,84,5941161,4241233,993435,0
543,2634793,15.8,2315920,12,1517688,1370282,2408767,1
434,3683664,13.7,3448183,84,6344528,543786,2504285,1
786,2236815,20.8,908399,12,3432022,1378097,450780,0
549,3136244,0.5,2245334,12,6914941,1176569,95881,0
885,248620,8.1,3995078,120,1386463,4493759,140976,1
447,3360988,23.3,137168,12,2076789,71238,436106,0
348,4593906,27.3,739975,36,2781002,4152912,2222567,0
650,2725799,13.2,627039,12,3606679,3284106,1168538,0
691,2383641,2.4,1375453,60,5050471,528856,2057518,0
895,1626168,24.0,563207,12,1772035,3425360,269604,0
823,4780488,26.6,729645,36,5644629,2900900,1806267,0
831,359375,12.4,3418102,36,194475,18705,2235266,1
681,1576371,7.3,1884826,60,2648076,1116976,2928718,0
516,865798,1.3,1464288,48,5272101,1740127,957895,1
557,4358124,17.7,1704560,24,2119208,1075691,1636209,0
380,2516505,27.3,3883993,48,3451709,2894067,1449302,1
559,4627470,20.3,1990402,48,4848478,3077020,1043699,0
519,3392759,9.5,1902371,36,1984935,848482,1919378,1
321,2872796,19.3,3715535,48,7714726,619330,1694898,0
422,2683868,25.0,197266,36,6776832,3276667,2498944,0
621,1172853,14.3,1939381,36,7768214,2348895,85235,0
521,2897831,24.6,3005505,84,3965445,1325363,665732,1
897,3489188,11.8,2082774,24,2747209,1279108,1737793,1
587,4833651,10.5,3479504,36,7957262,196036,1721306,0
876,2835095,17.5,3552395,12,5827933,4269613,2707291,0
697,4706416,13.9,1378261,60,6346863,4208759,2024556,0
324,4733743,29.3,3280144,60,1461598,2772471,12990,0
422,2708254,15.5,1013698,60,6953690,1747099,1467413,0
724,2308506,11.6,996902,24,4225083,1075544,2535912,0
627,884976,11.8,3911016,48,6186658,1537238,2619417,1
481,1488865,16.4,101057,36,6600198,4632329,2405787,0
613,4419649,10.6,1444928,84,847399,444341,1432288,0
842,863777,21.7,2536524,36,792628,4114483,318309,0
533,2105879,11.4,1683364,36,520232,1522486,639988,0
327,3553441,11.5,3387157,48,5143530,1326461,2540492,1
486,1354985,18.5,1043764,84,7320631,4048858,1021871,0
862,4875727,1.8,2233758,60,240901,4805255,2290636,0
757,3317524,19.7,544453,84,1105577,4957710,108565,0
803,336050,15.1,884149,36,3887331,1338694,1473139,1
847,1386426,13.6,735552,84,3129809,2955503,2851153,0
370,3754138,21.6,2978353,120,824012,1463215,735642,1
469,4343320,22.7,850689,48,4879288,967407,91576,0
335,4649266,25.4,2694680,60,7243491,1929817,864301,0
302,4285617,11.2,1415244,120,1695187,312188,189107,0
801,558951,9.8,2281879,84,22658,824026,1836825,1
863,3702498,21.4,3501867,24,1802280,2977690,575288,0
393,728816,17.5,3460178,84,1476830,3435081,738912,1
734,567444,19.0,94379,48,3729931,1352351,1763031,0
621,3521394,16.7,3147758,24,858529,2786687,976067,0
341,2495195,23.2,3824794,36,2887161,3822570,1951553,1
850,3310224,5.7,2688411,120,955563,4472313,2792516,0
823,4287128,16.7,789485,120,5412606,2842405,2793846,0
641,530371,4.7,2675797,84,3753575,1204376,2187986,1
725,2732147,12.2,2562748,120,600609,3563231,2906135,1
538,4205230,19.9,2665701,60,349672,851154,2208222,0
776,2313406,14.8,1743857,84,3910069,695730,203591,0
567,2712434,11.4,2124401,24,4734372,1793117,2867810,1
894,2589697,26.5,2624834,36,1394079,1644280,1700414,0
337,4554548,23.2,1882490,24,2588153,730543,17382,0
403,439489,15.8,3105617,120,4853800,261827,1861545,1
882,4414357,28.5,2852922,60,3769443,4730756,733457,0
473,4118639,12.7,1247327,120,929706,3386676,1603239,0
486,4100038,23.6,2461453,36,3130153,3587234,1973922,0
775,2178979,5.0,3038268,36,1581055,331414,83329,1
413,2676315,8.6,1985423,60,7413892,3980959,1314815,0
608,1971122,10.1,2874273,48,6431112,1822302,166526,0
471,1408211,3.2,550312,36,2496216,3740218,338414,1
418,4402086,15.1,1575656,36,1881336,2451993,633949,0
879,2628682,5.8,2822619,48,1077131,1214096,2343701,1
420,3672062,19.0,3585682,12,5896523,1311132,1239393,1
356,683894,5.7,2601694,24,7346001,703283,141217,1
705,3986846,3.7,2671518,12,2184501,4148422,2241237,1
821,3362462,29.1,1401881,24,5118189,2147168,1631553,0
376,4988530,19.7,2818662,24,1880220,3900196,424837,0
725,843090,28.1,1457476,12,7336196,4145096,1687393,0
625,2792194,14.7,255629,12,2393238,834972,746285,0
798,2653630,1.0,1024553,84,768692,1652576,1907884,0
376,2784318,17.2,2464287,24,7047456,620737,2842749,1
886,461033,16.7,3849566,48,7564191,47814,946879,1
672,2470986,0.4,2008380,12,3177325,4932570,2236356,1
806,1637660,25.8,3447796,120,7258384,3300304,70802,0
517,3163296,18.6,3123153,24,1950084,2258354,1221428,1
866,1313986,22.3,2266144,84,2167155,1000315,2666950,1
676,2288250,14.8,3227040,60,4293116,2954715,223824,0
376,3176152,18.6,1636530,84,4803414,2714176,2787615,1
854,507417,7.7,1798722,60,3085131,1114386,280913,0
778,3976577,29.2,2960460,48,6396855,74400,1445966,0
480,3635527,12.0,2573601,84,6321580,2344980,543132,0
627,475054,4.9,2134526,84,967623,2544249,61921,1
533,510732,1.7,1761146,36,7923565,3991235,1047869,0
626,4281362,19.1,3904612,120,1273460,1968042,1742614,1
880,1559988,29.5,309468,120,4212596,485377,2167134,0
840,4331685,26.9,267734,84,3384313,4402060,947789,0
429,2596413,21.1,1942166,120,3613991,2068060,1477269,1
884,1842891,29.7,185428,12,1027781,3609069,547456,0
563,1513089,21.7,1396582,48,2744283,215793,2188809,0
723,3363220,10.2,2296014,60,242735,180140,506858,1
759,726689,18.0,1650366,120,7786710,116509,2583103,0
590,2132542,2.4,852953,12,1150810,3947612,537766,1
574,1860110,6.7,1174612,84,3866266,1203975,1992183,0
574,940116,12.5,2437002,12,1728200,3956138,992523,0
818,1893548,6.1,3808037,36,1423975,4724300,2989504,1
532,2737580,28.6,3136621,60,3121714,3317048,841860,1
468,3452303,29.9,2212227,36,7753728,4928885,2846186,0
517,614526,11.1,595533,84,3825518,4646484,2509275,0
417,4387511,21.3,1008502,120,7687057,3613431,1403892,0
535,4416667,12.2,1790402,24,6616337,4016268,1485944,0
368,3521491,4.2,1024400,24,3485800,3017333,1061366,0
353,4636591,10.1,2770235,12,7209449,1094493,1282942,0
735,2254141,7.0,1496476,60,2785488,514208,1397969,0
346,4143743,9.8,3343761,120,4011460,1907729,437500,0
641,3690883,6.5,1112685,60,5443500,2375782,968704,0
768,2900135,3.4,2010559,12,4715371,1749616,2627673,0
735,1061625,6.5,2872105,24,6631393,510051,2936719,1
568,2876473,27.2,864306,12,1303170,2524539,164466,0
416,4526478,2.6,3057684,48,3988257,2493047,2196998,1
859,4926116,9.7,2363907,84,5317757,4768569,718594,0
801,2350720,15.9,2608247,24,2646504,4771550,1961651,0
667,1389928,10.6,1845342,84,6935293,3077992,1864417,0
352,3788037,15.5,3743654,24,2411152,4252272,2636663,1
321,564552,1.3,3099106,48,2409208,1564695,2106937,1
489,925246,19.5,808630,60,2612790,4846715,2470842,0
394,2897316,16.9,2244526,48,5411822,4707589,2403470,0
817,4952976,20.4,3617951,48,944263,626509,1942164,0
423,1778171,17.0,1153720,36,1142970,3501358,1230874,0
469,2327956,13.1,2169005,48,6228964,2288825,1011288,1
886,1747226,10.5,3029852,24,1658516,1330402,1040220,1
791,2314421,6.8,1129555,36,839679,2059924,1075979,0
431,234009,15.0,2095101,84,2109244,4532564,865655,1
530,3054669,0.8,2234237,120,3186516,4621346,932136,1
609,3061949,9.8,751309,84,264938,1721064,1704284,0
699,1714704,20.3,751561,36,6679547,2309016,810519,0
862,1467362,3.3,2274136,36,939981,2581056,1045907,0
823,3855704,1.9,756209,12,3232847,3667666,2127258,0
887,1101721,19.6,3795865,24,1617011,2396114,984283,1
324,425922,11.9,2118929,60,2358094,1979641,319673,1
442,394073,24.1,2836789,24,361998,4618155,50672,1
638,4432418,28.1,1617702,84,7586030,1863611,2295447,0
329,1948935,28.7,1230273,12,7498923,1328317,2844948,0
513,688795,12.8,1971679,36,1012350,1634817,2047660,1
392,4419051,7.9,2857949,24,1578243,1666534,181782,0
860,913390,18.3,1620376,48,7078832,2775554,1690052,0
338,1816020,18.8,1166295,12,3319601,3300801,812614,0
389,299299,18.7,618709,36,496614,671692,962394,1
417,3459556,9.7,2193621,84,1086960,4433079,2764259,1
389,3556645,1.9,2734739,84,3308235,1267123,2473187,1
641,3831426,6.3,2130053,24,4463521,574420,2206045,0
518,1462610,4.6,1056828,48,5053769,3341625,1502698,0
848,1774884,3.7,1027194,60,1225637,1049417,1734419,0
456,4702976,27.8,1539379,48,2960307,3750254,2747729,0
622,4143876,0.4,1424131,48,2088583,4740173,1982442,0
696,378353,18.1,854887,36,4276851,3462635,1736970,0
676,3521023,28.4,3771617,84,2571550,3886486,291180,0
778,4101151,10.8,1352522,60,1632013,2473910,2989358,0
421,2884363,15.8,1039864,120,6521640,1730349,2425942,0
604,3271554,20.9,2446267,84,4552276,3066201,1094230,0
781,204763,9.5,3214057,36,3791604,1788174,750320,1
818,344251,14.3,1885536,36,1076469,4381024,2903450,0
671,368435,24.5,2686114,12,566471,2347669,2868642,1
691,963088,22.4,425283,60,6368771,2494903,1260805,0
819,4956157,24.3,2153885,84,7748948,3368998,694124,0
675,3244897,29.6,313015,36,4670319,946653,2393467,0
870,3954963,11.1,593183,12,312712,2805206,1876093,0
376,1618808,22.4,2388387,84,3855457,3769678,2700245,1
509,4700314,18.1,858054,24,2241550,3880600,1635974,0
367,1154790,20.0,194503,60,437334,1124747,1655542,1
354,4531056,22.2,756961,12,1139526,270834,429309,0
583,347812,22.5,3102643,12,3998195,971057,1809337,1
435,298126,26.6,2367837,120,3415015,4095204,1088781,1
544,578706,10.5,1558102,60,4508556,1327163,616395,0
563,4000867,19.6,3894864,12,5547309,290256,2343879,0
673,1435987,8.4,1573724,12,2125340,2986282,1037392,0
868,2365500,17.8,3515095,48,2290433,4404870,637764,0
810,2462302,22.5,1412572,60,5420723,1122270,2881693,0
527,3989880,23.7,149744,36,1577182,216272,2888572,0
495,1873923,12.6,485495,120,614121,700607,1483661,1
763,232235,15.3,1131220,60,6828557,639162,886451,0
374,2055090,10.0,786964,60,1669512,1022626,485451,0
624,1583356,5.1,671167,36,967038,900922,1880165,1
554,3708223,7.8,1564220,60,5900388,3185064,1832424,0
409,3806354,27.4,3903928,120,4254610,1115254,1856601,1
670,641397,9.3,841989,12,1177777,2741586,2303261,1
492,4006500,29.2,980660,84,6804315,2008810,1412335,0
411,538361,7.2,3981106,120,1964390,3271786,2049948,1
692,3174630,21.7,845187,48,5408264,3277410,1966082,0
404,2068561,17.2,3329299,84,5206843,2964524,2386839,1
704,1646030,20.9,2502458,36,6637170,4463017,2230731,0
397,2519293,19.3,3714331,24,5830734,981290,107823,1
561,1689740,21.2,2246937,84,5624461,2622514,1857009,0
785,4010546,27.2,2394240,36,411914,1971372,2926230,1
437,4840467,16.9,942113,84,7504743,2662449,1679984,0
761,4115837,2.0,2320957,36,1012715,699851,1589299,0
733,2308218,8.1,2697941,36,2028401,1596525,1819882,1
842,2615769,21.2,3948066,60,3568944,4705124,1679991,1
401,2346203,14.8,433178,36,2307259,4003402,1205868,0
729,4008995,16.5,669149,84,4742360,2130268,2981851,0
862,2851197,17.9,126507,12,423282,552431,212619,0
758,2447000,11.5,3172256,12,3630250,3242469,2442768,0
412,2165611,23.2,375538,12,2795646,1505516,479095,0
794,2000218,21.7,3666152,24,5176560,1647326,619395,0
364,2852824,21.4,1491229,12,4158391,484907,1820112,0
653,3507178,21.5,1188999,36,6047944,1445450,1913811,0
599,2275210,26.7,3901315,12,1315613,1070904,2781522,1
619,4071975,17.9,2895458,84,7596351,169963,882982,0
612,4168232,29.0,2211626,24,3137068,2932990,77221,0
318,2259576,3.6,3561387,120,2799046,4847449,765138,0
605,4563445,19.0,3031168,84,4386663,629802,1632106,0
862,1030599,21.5,2567993,60,1304838,262246,1072095,0
562,4674130,14.3,1319908,84,6516480,503089,756184,0
466,1611680,8.6,3945100,84,2112672,2729456,2742347,1
897,2908622,16.5,2891390,84,7419456,4129554,1685220,0
359,1561205,10.9,3785208,48,1185315,1548175,2016065,1
592,2322313,27.3,3866416,60,6913599,591495,2248972,1
608,1832295,10.7,2219590,48,3153965,479713,1227502,1
587,3585152,5.3,1463155,60,4858881,3040267,2206360,0
853,589710,17.3,3791358,36,6980538,1783680,2891261,0
553,4223954,11.9,3996285,12,1033135,1760056,2174658,1
884,4538458,2.9,531771,120,2776479,1193137,890556,0
340,2902315,16.9,2571719,60,7587197,4481836,2336771,0
741,2826919,16.1,2429622,60,1190581,1874475,708334,0
656,3559909,5.2,3006936,24,823036,3537750,217832,1
444,1155556,17.9,3902930,84,4181063,3711515,1332373,0
437,3798701,17.0,1046060,48,197775,297151,1528734,0
732,1249630,23.2,3904165,12,7935551,1242100,1409374,1
683,3446690,10.8,2590209,120,7229975,4477341,785335,0
667,1666774,7.5,375900,120,1505449,4414136,818811,0
330,3781441,28.5,2068475,120,1381585,2069494,2763812,1
659,3997076,16.8,577207,48,6223000,781056,874657,0
889,1201497,0.8,3827791,24,4165914,1491137,2348638,1
310,3163687,24.6,3064665,12,6586872,4746377,772789,0
581,2592198,5.9,3623467,84,7740937,3363910,322634,0
597,1611393,23.6,2430000,120,3210707,377236,189657,0
838,3023689,21.2,1616857,12,2031077,3589870,729738,0
469,4964786,29.1,1742015,60,4956412,734700,2523886,0
585,211894,29.0,3790136,12,5080177,1516254,1365661,1
731,4793006,8.2,648688,84,3458988,2408150,2085091,0
336,4308620,23.0,3545010,12,2392372,1758283,2888726,1
781,2740993,9.5,1716943,120,2098615,3491266,144313,0
794,3128118,18.9,2382016,24,4172399,781652,329019,0
732,1972117,17.9,2684599,36,3408950,4385302,2760319,0
689,819854,1.6,374365,60,3660233,2967218,1703917,0
749,2943086,0.2,637303,84,762321,1528179,1853693,1
769,4118514,1.7,685121,36,7046348,4784546,1023862,0
842,1309322,3.8,3125764,120,5655649,2392290,2480394,0
557,3641874,7.7,353653,12,7351641,2083122,1939021,0
574,3790650,27.2,2463038,48,6633545,105667,773146,0
683,3839838,15.6,476572,120,4950421,4981031,1946120,0
416,1832000,23.9,3082876,24,2459199,4232023,11638,1
814,2081804,25.1,3908962,48,5231684,882073,721774,0
763,2197819,22.0,1685381,48,4531815,4738789,611780,0
679,4300172,11.7,888061,36,7390303,3980498,2357428,0
481,4522160,25.9,1807303,84,1857188,2104534,2205413,1
508,2187332,22.3,2778876,48,205313,4640542,273787,0
561,4855891,22.3,2923058,60,1019683,2795564,2719366,0
698,2938444,27.0,2564287,48,1401384,3440272,2454417,0
767,2048278,18.0,2348867,120,5308949,916015,1304353,0
703,203083,15.9,2543022,48,1173181,546631,635900,1
858,3133165,26.7,908514,84,1072860,2638647,1260812,0
877,3295391,13.6,866481,60,3176075,1632707,1768738,0
723,4848236,24.3,3726958,84,6255833,4908567,1890267,0
522,3647244,1.6,2338419,120,3395654,428329,1041929,0
660,342436,0.0,3451671,24,2174036,3814089,304764,1
555,2922125,15.8,2520877,36,2275384,3008741,1829340,0
678,3765337,2.2,1848342,36,6548107,4394775,2115424,0
788,2583482,29.3,2303101,48,3466263,4990745,802253,0
521,2260886,0.2,2782256,48,2948036,4352834,1918549,1
603,4087695,21.5,785341,12,6187761,1873773,1706891,0
327,3134585,7.3,1875329,120,2950741,3478109,1504068,0
742,3470589,29.0,2906090,120,2854039,814725,24594,0
594,2427700,11.4,393838,60,6004582,2429735,921902,0
576,1534755,0.8,339310,36,2619641,1343201,1123363,0
619,2691637,0.8,682354,84,4082126,1250803,2501550,0
429,4803552,16.6,2385240,24,5317244,2854010,2479168,0
659,3092817,29.6,991814,36,1607819,634558,2621253,0
747,3594883,29.4,1773224,120,1026786,2844809,1389020,0
510,795838,10.1,578548,120,6803269,2004572,980765,0
378,4942107,14.5,1038632,60,2376260,1149104,1497783,0
532,1374572,3.0,120188,24,2721226,2810619,2375079,0
419,4862055,15.7,3239187,12,4717987,3753524,1864731,0
524,2339655,18.0,1892793,120,822214,3050012,1803702,1
676,4610767,7.5,744775,24,364691,440061,1302629,0
368,4480699,18.4,2128584,60,3328008,2810341,2089429,0
749,3825784,27.0,3735278,36,7746150,3115202,2601231,0
434,4598757,0.0,3308008,48,4591694,3417319,2003903,0
837,3125261,6.9,3544032,120,4627703,2128495,1209974,0
740,4274118,6.3,1653717,60,4879083,474480,2519857,0
463,1026419,3.7,1474321,48,6887481,635875,2827658,1
638,537364,5.0,1299020,36,6684863,1659510,2389724,0
366,2808087,18.8,1255354,24,193667,3171924,2630814,1
359,4087268,3.1,3682778,48,4331255,3695251,796492,1
874,3873808,22.2,593072,48,4373045,3365247,1263263,0
782,2733899,26.6,3413221,12,1789684,1561094,748031,0
392,2700114,27.8,3669495,36,7800360,2200101,1097402,0
469,3127255,19.8,3383968,60,2093330,233947,2200479,1
418,4367548,5.9,2528751,12,6670881,3989964,2029884,0
537,4240722,2.6,3429803,120,806724,1767295,9570,1
475,726348,7.0,175545,120,4814314,2546583,2265921,1
497,3059558,28.9,3278191,60,5887395,2248191,576244,0
618,2028514,28.9,2068448,12,4032990,1428772,557584,0
413,4037179,11.5,3835787,48,847532,840956,1630850,1
830,2628629,9.8,388905,120,991370,4768007,723135,0
737,4958448,15.3,3723717,12,4846501,597422,2888919,0
757,2275161,8.8,2316315,84,6901032,4720221,438757,0
401,3459733,29.4,460222,84,4775579,565994,454932,0
725,721215,6.6,2060399,12,806676,478107,2282076,1
802,4675329,11.1,196620,24,6284029,4515212,859732,0
405,936935,12.9,377241,84,3673483,4730407,2143206,0
751,2016184,3.8,2150223,120,597037,4476451,2044448,0
514,4220563,11.5,3272650,84,2943223,3877412,567161,0
773,4843612,25.7,477392,48,1623290,2463154,1739692,0
587,2525044,4.2,1086153,60,7891216,533220,1610624,0
782,2526661,17.5,1595741,48,7276499,2957855,283797,0
388,433867,12.2,2188863,60,848574,2596626,2292718,1
533,4898592,5.1,52859,84,4577895,3678216,2572202,0
464,279158,0.4,2574204,12,56461,174756,2841086,1
449,325213,8.2,2016605,24,3661522,386651,263698,1
485,2472682,1.9,3851103,12,1247314,2944285,535568,1
529,217438,11.3,1240272,84,5981410,4276117,2475283,0
376,989018,24.3,2000556,84,576501,4665939,912989,0
724,3213056,21.6,372378,12,7220244,2843939,1876614,0
630,3584605,28.4,3673398,12,1849168,1841049,1045019,1
798,1631232,12.8,3343809,24,2104077,2360159,652743,1
723,4017553,21.2,1451686,24,7086044,2543126,1874932,0
389,3117034,20.0,1868919,48,7211805,3095477,616569,0
342,1295824,6.5,3436877,48,767898,1137801,409256,1
554,3619727,9.1,1216865,36,869557,1943817,1591355,1
589,3042449,15.9,981513,24,6827469,2704731,580287,0
444,4098141,23.9,1005777,60,7821465,4253910,576753,0
770,941334,13.9,2844545,84,3909903,4012874,2341311,1
649,1308102,6.8,883713,60,1318814,3769059,1586205,0
749,1657197,29.8,400017,84,1221233,1076291,1626161,0
365,1838791,3.5,703534,120,2129891,2032692,430237,0
789,4466219,28.7,3944899,84,5483061,2767434,481158,0
423,3716199,24.3,3497756,60,772751,4838538,1172211,1
569,2811671,25.2,3818049,12,5131742,1773216,1165298,0
564,2794178,23.8,1145349,36,6429412,4591745,1354885,0
793,4452266,6.2,1796744,36,1149233,3739361,403482,0
466,2344615,19.0,1988542,60,7873857,3168932,2695308,0
444,1281189,22.7,2119544,84,7899344,3510194,1088070,0
504,857115,22.4,155891,60,2375812,3965410,2448675,0
516,1784117,8.1,2411211,36,897213,3493948,1200598,1
409,3335808,5.4,203184,84,2604896,3362954,1416526,0
405,2460570,9.8,1136398,60,2066809,1889016,336331,0
439,2224556,14.4,1204809,84,2231839,2139395,2030042,0
580,2504384,17.2,2714162,60,7399313,2996397,179500,0
506,4879399,25.1,3591155,60,1238624,4217759,2243627,0
535,4988711,23.1,2809320,36,2536165,3255426,2644806,0
732,974203,20.3,1770044,36,6299554,4939175,1084850,0
444,749337,7.9,2124052,24,460267,3404070,2662945,1
846,1372680,14.4,2073992,24,485758,2037855,2096389,1
751,4289433,10.1,633575,60,2415050,2876282,7736,0
404,2405673,7.0,3831388,36,7742194,3116557,608691,0
488,4345674,0.3,3680785,12,6715594,4334024,1923612,0
410,3304405,10.2,998177,12,7418525,1279625,2104968,0
463,2855353,7.7,504428,120,6911947,1243993,281037,0
519,1551271,17.2,701913,48,947512,1009364,2053905,0
378,1851378,1.9,2535230,60,3207935,279034,2430425,1
308,909045,8.1,166267,120,4236191,3375076,275670,0
563,2692285,1.3,457200,12,1332755,4812518,2638688,0
721,1545793,19.2,2610831,120,7942811,3068601,1599238,0
482,1603845,17.0,627097,60,4824563,303668,1849846,1
817,389825,10.1,321754,60,6820954,1823394,151692,0
521,4035716,4.4,131126,48,2069111,4514779,1839466,0
841,4708456,28.7,2837848,60,5721070,259059,1363421,0
441,2591740,17.5,1485288,24,847316,3061425,1114444,0
624,2772955,20.4,1173640,36,179687,2203219,2340951,0
758,4644043,15.9,2576351,120,5124991,4593702,748407,0
335,2655117,24.2,723567,24,547019,2565948,179991,0
858,3188919,26.9,2110100,84,2209413,2824770,1497812,0
519,2254857,11.5,1961184,120,6352137,3611241,2231170,1
599,2668733,20.7,2714430,60,3981594,4105044,401151,0
677,2704948,6.9,2514471,36,3011559,2577767,2953990,0
686,3613133,19.6,2716325,84,2323915,3606452,2016675,0
314,3100100,12.0,891870,84,5347455,4026807,2802194,0
821,2618878,0.2,603686,48,7635464,2625561,1410261,0
674,564040,28.7,2158616,12,5913453,3580545,369584,0
900,4541631,26.1,276482,48,2871326,1816618,532804,0
583,4463738,8.7,1844416,48,3377473,1775089,1501941,0
668,1085340,29.9,2520165,24,824588,14295,1764943,0
565,1607896,9.5,3292941,36,1147054,3346873,2202416,1
834,4872074,13.8,2630236,24,2145489,1254526,2385984,0
800,1741099,25.5,3978935,60,3093556,4069413,2288199,0
846,4098515,9.1,2248980,48,7921194,4758834,1766398,0
603,3971593,13.5,1812431,84,6968388,4379325,54153,0
775,4331520,20.0,1020761,48,904252,1377309,1588984,0
515,276803,3.9,2708841,60,2648686,3259329,2458274,1
577,2517958,12.7,3252523,84,450567,3759262,2543153,1
756,2914454,9.3,1317846,24,501195,2530512,2503362,0
348,4218568,20.3,348959,48,2998158,2542488,32266,0
727,1277442,4.1,91399,84,7673052,2189636,1305939,0
309,1672515,7.0,2547632,60,1481073,1542572,1850243,1
648,1063523,21.3,2668986,24,5445415,2866349,742525,0
586,3857352,4.7,525625,84,3141042,4955468,1229076,0
581,4994589,12.7,139282,24,4326854,1094742,292093,0
597,874160,21.4,2635069,120,6954010,234871,580698,0
595,1318954,23.0,1621122,60,6632859,281210,17367,0
544,1673849,2.8,1700017,36,6625686,2910386,2938734,0
571,4467345,25.6,1086771,24,3289285,1349871,2579130,0
641,2339517,21.7,2886507,120,388638,2307591,1211441,0
758,1553289,10.2,2991347,48,7880927,4753260,12984,0
631,1747134,22.9,256159,84,7951933,382632,1005788,0
686,3070973,21.8,402045,84,6860585,873176,1302194,0
802,2057682,18.0,2242578,12,3817994,1070481,507025,0
894,873967,16.8,2432392,60,2244358,2285181,1985054,0
365,4136503,22.0,622267,36,1396726,3471210,2993298,0
728,2226720,30.0,674514,120,2968384,916441,2531743,0
435,1432044,17.4,2745408,24,2675386,541643,2568154,1
418,3696483,24.3,1846104,12,2205943,428996,2492806,1
776,3777350,22.3,523824,60,7602088,4005126,209917,0
341,944175,25.7,2457635,48,5274727,147905,1654463,1
809,553818,28.6,340654,48,1784233,3125305,1697262,0
763,417987,5.8,960967,24,5114656,2891545,302777,0
897,3875548,5.0,2866835,48,5640262,504288,442203,0
701,3203559,17.6,928419,120,4180047,2762642,1695633,0
824,4001712,13.5,300951,84,7573594,1434073,2147344,0
371,3206752,17.1,3841970,120,7726723,2574863,627320,0
834,2128154,23.9,936896,36,3457225,685889,1452250,0
396,3029874,28.0,2083758,120,3778202,3339199,225616,0
488,3667894,12.5,3307704,36,1736548,3988007,331167,0
377,2114455,21.5,3960159,120,6269779,15798,1740675,1
541,4592665,5.9,3248269,120,7448680,2664798,1671117,0
750,4518110,16.0,1391621,24,5264761,3237444,2250258,0
461,4043423,0.7,3423797,120,1608544,14149,2732027,1
794,4962881,15.1,100308,60,4145480,3620183,569997,0
664,2074143,16.4,1338094,84,6356556,2714518,1023584,0
677,747708,22.1,837696,60,336760,1531373,2567624,1
864,2524225,19.5,2135790,24,4721653,2414018,152416,0
559,3780271,10.8,3571833,120,5259960,3410631,2484843,1
507,3940916,0.2,3104722,12,4294014,3215382,2835622,1
897,2064894,3.5,3993317,84,5140761,3883290,299837,0
634,1604454,29.2,591092,24,7167001,174220,425397,0
669,2338269,27.7,3021174,84,998992,3936696,2052787,1
478,4058637,9.8,2911344,36,4565645,177128,1425156,0
429,490862,7.8,1853061,24,6367320,3250243,2962777,0
402,1774741,13.1,435071,24,6575610,1746840,1634031,0
434,1303424,20.7,462746,36,3735953,318453,1965307,1
417,4068755,10.7,3657340,120,7979188,3442691,711262,0
748,2454358,2.0,1216136,84,2593168,2762942,973462,0
334,616642,12.1,2567375,60,3525352,3332791,532254,0
678,1456577,7.8,3784944,60,6591675,1879749,440612,0
870,413107,9.7,1998556,36,3514350,1391318,339416,0
760,2482669,4.9,879207,120,2746968,3123304,2678286,0
542,4988843,19.8,1964681,24,4446052,1080337,209865,0
335,2922711,15.8,956437,120,4974806,4060639,1549397,0
801,4373395,8.1,766380,36,7759740,3415628,1524380,0
301,3764444,16.6,3253407,36,4943319,4998800,167710,0
709,4437668,14.8,1416373,48,1482622,135563,2526063,0
703,1692875,23.9,2754981,84,422447,2928018,1502083,1
415,4766144,28.7,2922139,60,7738807,2783917,380276,0
744,1345484,3.9,2220219,84,3382669,4287684,386128,0
405,2303918,26.5,2186727,12,1612122,2120493,2101857,1
435,3470115,21.1,763095,24,1782230,4682170,1859057,0
788,1576810,20.8,2140760,84,848867,1195434,1237862,1
888,1469391,11.2,3018537,120,1596565,4271115,1215469,1
459,824120,10.3,821221,12,6242088,2601490,105672,0
853,220170,0.2,966491,120,5239695,4719485,95557,0
848,2605804,29.5,2776931,24,4798613,1085838,1607917,0
762,4936439,18.2,3928108,120,91279,1301040,1090971,0
384,1256232,12.1,1598534,120,5378870,2821608,756025,1
479,2312766,16.3,3321881,60,7752632,2759026,1137298,0
707,4690645,1.2,771875,24,7385972,744869,1815762,0
900,3907096,5.2,2300387,84,3163128,3256892,879616,0
789,219215,18.7,3777950,12,4802187,2028464,1047969,1
552,2602862,15.4,1794150,36,2390428,756346,848378,1
441,887344,23.6,2051855,60,7108832,2552132,1999357,0
877,1385692,19.8,662604,12,7359796,3489089,164364,0
466,1383084,18.0,2135745,36,1785312,158505,2755511,1
505,3139891,24.5,2363280,84,3893377,4601806,1663527,1
879,1154992,2.0,3926420,12,1889949,3053586,733633,1
637,1408958,20.7,843790,36,4914602,1302093,2278390,0
459,1283736,21.5,1497304,12,2342933,3751577,2819522,1
303,1913051,8.3,2606650,60,5566806,4218080,174630,0
558,3349029,5.9,3774932,12,7851861,4780368,612926,0
892,2119841,6.4,989611,24,6971291,3952044,431749,0
559,1772058,5.9,2794955,48,1457770,1015631,212084,1
720,2684492,15.7,3523403,24,1037936,818251,2216133,1
452,3152117,4.1,2550728,24,6517383,1043477,578103,0
766,273723,19.8,1735890,84,653225,4377905,1150618,0
766,4473238,3.2,975952,84,3201711,1524154,2444750,0
665,4598868,0.8,1187793,12,7949687,1651641,1835287,0
763,3092273,9.6,254434,120,3584997,4453821,2032669,0
647,2958092,5.8,650494,48,71070,1021026,293097,0
527,3533758,29.7,1779246,24,7802514,2034286,2912503,0
743,2316152,9.1,604969,120,5665558,1481817,248153,0
801,1954416,6.7,90175,36,2645440,1508969,2129482,0
805,1892915,5.9,2786106,36,4888523,2978147,1918354,0
428,966744,11.2,330459,24,4898066,3705904,1237894,0
706,4237610,18.2,607400,120,4420408,1326035,2514377,0
302,1738803,23.5,2401541,36,7687395,189950,2677293,0
643,1565125,10.9,3691206,60,6286624,3196991,210828,1
643,4828557,18.8,2911664,24,2072125,2744073,2874386,0
518,2632192,14.5,178464,120,7939784,3295359,723360,0
897,3184695,25.4,713396,84,7700098,2250950,2374965,0
830,1378137,17.1,2974433,48,375086,3883915,2462232,1
323,1532053,8.7,2943377,36,2377825,3124291,1669919,1
425,3696027,21.1,1594553,60,4916244,3788001,2589842,0
425,2364393,24.6,3801417,48,7026807,3655499,2477298,1
839,909174,14.0,3559460,120,5734222,2483902,1567893,0
611,4210463,29.6,2985546,60,4592366,1624942,537134,0
738,2133254,26.4,3005491,12,2447514,2910875,1303695,0
786,3408529,5.9,3149625,84,773334,3182086,2701050,1
761,1838118,23.6,636307,24,7142891,2857854,608127,0
353,2891134,18.0,2817815,36,4261008,2621644,2998677,1
384,3923026,16.0,3762621,48,3655943,1714836,545114,1
537,4448782,15.4,937713,24,7839932,669839,1995421,0
503,1195254,25.6,107857,120,1315827,2137929,1922958,0
748,3427710,18.3,1475515,120,2031790,4408631,587667,0
393,4590269,16.1,1114979,24,6835263,3583370,1416920,0
523,3285103,1.5,3799605,36,2274841,3772951,433310,0
442,886831,13.4,1811247,36,7543405,3684364,1094310,0
413,1110887,27.2,2661782,60,6862909,4608271,2878244,0
403,1173451,21.4,3928672,60,796119,1130593,162864,1
417,710665,1.5,3166648,60,3661815,3602023,2614059,1
639,3817917,26.5,3008846,12,6013447,347598,2032538,0
546,4832683,24.8,3876344,48,3916763,1224033,2246037,1
561,2681022,16.4,2770962,24,1720113,147038,846363,1
588,3074520,0.7,964176,24,360333,2152631,2847358,1
745,3913762,16.9,2920779,84,53777,703633,760221,0
817,2195280,1.6,1320662,12,1426231,1934342,1510211,0
616,2467797,9.6,1357142,12,2084910,673131,110374,0
685,3027300,18.9,2596967,48,2414857,179109,2663240,1
743,1662286,27.4,1296182,84,6839279,2387618,2113621,0
714,496697,10.7,146212,48,4068993,2052741,488461,0
380,2925311,25.8,3998267,24,1129471,2085275,1986303,1
890,4146211,27.6,2306315,84,665911,1727847,548429,0
399,551495,0.6,2696536,36,1045351,2046376,1333228,1
547,1239898,7.2,3244319,60,2507901,19618,1537029,1
692,1462362,21.3,2556356,24,5912382,2390171,2793852,1
542,4061821,22.7,2461251,120,396011,4235617,997529,0
446,2622077,11.8,3177767,24,3250877,697671,38441,1
854,2765017,19.7,1216803,120,3580798,719372,1297558,0
342,3297263,18.4,3322353,36,1187888,3900135,2779653,1
447,1527545,22.2,2910211,84,468924,2504761,2394591,1
896,3625019,21.6,769345,48,1840003,1285983,177219,0
738,345007,2.6,626825,12,1214531,3923389,160222,0
352,745852,4.7,3524777,12,6356816,1624926,2270491,1
753,4116000,4.0,3584356,36,7333475,3022407,2162532,0
882,3359388,28.0,3974645,24,4986150,2780056,1671629,0
358,1047008,27.4,448614,60,6068266,846756,264687,0
548,2306024,23.9,3587695,12,6087430,3775005,840169,0
581,448664,3.5,3460790,60,7020914,3091056,2542503,1
378,3424877,17.2,3081997,24,782186,1042429,418355,1
420,3828213,5.6,2016347,24,7976393,3787985,605699,0
404,1536318,11.1,2058602,36,3664834,3102580,1356571,1
411,1880207,8.0,1743156,60,4343968,4273823,2204817,1
542,1336726,24.9,165576,36,6376850,4100693,2484781,0
578,2068803,4.3,2027614,36,3950297,1593269,1775638,0
443,1507107,19.4,986783,36,2126342,4683602,1477473,0
473,1385924,29.5,840815,36,152169,169607,1156866,1
415,2264989,20.6,270847,36,1353511,1670713,131122,0
778,4324057,2.4,1857858,84,675016,3039741,802609,0
427,3861122,27.2,239124,60,3054271,2673618,644244,0
845,1627182,19.3,3406394,36,6231190,1128842,172378,0
623,4725663,13.7,3563528,84,2667040,997611,2235236,1
782,1208924,19.8,3213774,48,4778434,3904476,1060140,0
682,4571555,26.4,1238900,120,1483782,4380406,1528786,0
459,1684398,14.3,694041,48,4722335,3399409,601586,0
661,2793267,15.9,2043374,24,7631560,2651073,1773705,0
464,1175118,13.6,2710013,48,2523144,3865935,407737,0
371,3857720,2.2,131325,84,3864787,1200223,2033191,0
453,1724745,23.6,3434508,24,7703811,4837656,2215495,1
465,4388341,3.8,1782343,24,4864611,624869,934291,0
381,598093,11.8,3288082,60,3193339,2922737,637545,1
314,2609608,11.6,357977,120,968855,1705346,2340453,0
867,960944,8.4,1731248,36,7498606,4521568,669474,0
608,4466993,12.1,1860352,48,4880281,1224203,534658,0
541,2201854,18.5,239966,60,455945,3209467,1021444,0
858,3437476,9.3,2844403,60,4442582,781251,2899700,0
435,4421441,5.2,3728120,24,7747520,908721,1387959,1
542,2771058,26.1,2185361,36,7455435,2081378,788020,0
808,474995,29.1,1613746,120,1566124,3996541,1541138,0
679,1259465,13.8,2562405,120,3298534,1390503,1045195,0
539,1220838,9.8,1475858,84,7891350,3468493,1993639,0
453,4588080,1.4,1471043,12,6256497,2856377,1316536,0
321,4560060,1.1,3050084,36,4480756,4889699,1765566,0
351,2489408,11.8,2384062,12,2433448,1503647,1308972,1
397,4472071,27.9,1092690,36,6102672,1217160,1445052,0
772,1380875,21.9,1659389,120,4631523,4513030,1341466,0
684,3461364,10.5,3347255,36,4191670,1665627,1181821,0
560,2081284,29.0,2138428,24,7415764,1073267,2891362,0
770,1354273,12.9,350403,84,3018502,4107455,797358,0
396,1400053,8.3,3435220,84,5000571,4064069,2416251,1
426,2215091,12.8,2975809,60,348478,314448,2129828,1
536,1830359,6.3,1104187,84,5689270,4280344,1583893,0
851,1213860,26.6,3864869,60,4377712,3165999,952504,0
669,1803900,10.8,3809778,60,7007877,1394352,1451481,0
811,817224,19.7,3983287,120,2663331,2677380,2548745,1
449,4854418,11.7,1542323,36,7403395,1193230,545836,0
809,2023992,27.1,3699028,48,4605240,844109,1758487,1
343,715434,19.3,3235253,48,1666199,661824,2294552,1
436,2963944,14.6,3489512,60,1282914,825608,1901833,1
614,4438978,4.0,2211008,48,1566704,2914181,432463,0
330,1927677,27.1,1151577,48,2415846,4050988,1526371,0
815,4257162,16.4,945802,24,4403809,2432250,549023,0
821,3131958,8.6,3868261,60,6946004,77225,2785669,1
625,3748406,26.3,2034645,12,7964132,2143687,1055210,0
483,1622023,1.6,3715192,48,5425748,3734207,1264787,1
359,377286,9.4,2241093,36,3921219,4176399,2572500,1
671,1860082,16.1,2160771,84,4906456,3663336,1280905,1
623,4637397,10.2,339317,48,2647240,1847120,581821,0
756,3995234,14.3,1638207,12,1959041,3248400,2679044,0
662,3963976,7.9,2246826,48,4298090,341924,1943981,0
377,4415911,3.9,481605,24,6620346,2047588,1814721,0
373,1991678,1.1,690018,36,515166,2684176,226752,1
769,1745763,4.7,2383005,36,886921,141603,1347446,0
395,4640933,28.6,1030147,24,1417654,71746,1377931,0
864,2943276,17.3,2817157,120,1679453,4008884,786453,0
363,1630204,14.7,1868623,24,1191363,1101361,1693367,1
737,1535179,11.5,1645786,48,1041455,628536,735133,1
886,4410940,21.3,513665,84,223324,2960271,1412825,0
565,456006,4.2,1653817,36,2786686,1403937,2404303,1
334,496128,8.3,2191742,120,5777699,4896903,2205827,1
826,3741715,19.7,2314580,36,1255878,4733915,838398,0
412,206480,14.4,1117242,120,2603796,4119722,622596,0
617,1020816,23.1,159747,48,7786025,1509305,17213,0
891,4955038,26.9,3742508,12,1348290,4377071,1036658,0
747,2243420,24.7,3833571,120,7898251,1275696,58381,0
327,3692784,5.5,3621282,120,4097950,1198018,384707,1
793,2537818,2.7,1195127,120,5793326,4866853,2935208,0
396,634742,5.1,2430257,12,2587555,3370805,2567001,1
750,1085463,23.5,606519,84,2596590,429661,1679514,0
673,3853276,27.4,3626958,36,3144142,4432807,2323630,1
473,653865,27.8,71679,84,1023469,803452,1467074,1
554,3054160,8.9,1909144,120,2524254,3406304,1803943,1
370,1870462,25.2,3434722,24,7154648,2191588,2753629,1
893,1977426,16.1,2915967,36,31868,87439,235833,0
443,4770973,24.7,3459669,24,4576809,3938366,1055062,0
485,3108490,16.5,2010665,36,5506631,3433167,357104,0
602,3152651,4.4,426461,60,1130962,4421795,2384993,0
704,1881712,2.4,80931,36,885523,3059025,2467738,0
603,2030769,28.7,651353,60,4420005,3778179,2165430,0
603,3491700,12.8,277293,60,1753139,4530118,1826810,0
650,386771,10.5,1819214,24,7824510,4880876,1431289,0
815,1339049,10.7,249672,12,1522536,2803197,70510,0
537,3081312,11.4,783531,84,1047333,84230,2323896,1
800,3192974,28.3,1706678,24,2650938,1729294,2681969,0
772,642836,1.9,2956494,24,2655514,3097533,2897336,1
877,3981567,3.6,2713225,60,1281581,548023,1025552,0
848,2804212,23.7,279257,24,5319947,581731,601822,0
779,1341025,16.5,3617991,24,2775617,1974243,1961987,1
448,3809363,3.9,2221352,36,4216425,4551814,52528,0
765,4956210,1.0,1428048,48,1946115,1608404,180792,0
742,2233210,6.7,1562027,84,771555,4676536,2464364,1
473,1560541,7.8,3401251,120,489720,4014897,2870535,1
707,1637175,0.4,1886539,84,422491,1515141,1210761,0
452,3044497,6.5,1021040,120,6964504,1155217,1523437,0
614,427444,22.1,1727791,48,2115513,4138543,1633208,0
778,2520460,25.7,320307,36,2444649,3780142,415463,0
413,318933,26.9,654978,84,4633916,3151378,667387,0
502,385185,11.7,1292591,36,762257,4890587,895319,0
777,2264127,9.6,920112,84,4805370,502444,2525367,0
572,3778468,30.0,1429723,120,4172211,1928927,1314378,0
877,4440058,23.1,305990,36,6331660,3013841,2163619,0
304,620649,16.1,2459723,60,986204,358855,583349,1
733,1371501,7.6,505378,84,136776,4880286,2860100,0
789,2223976,9.6,907021,84,6184746,2859012,2650306,0
851,2955467,15.5,3912685,24,2960444,1540470,1425756,1
394,4937842,16.3,73336,120,492623,1195686,676733,0
891,3484668,0.4,1155158,48,4450933,5703,2929696,0
535,2784132,28.8,2025751,12,3717088,2963214,2424369,0
511,491983,17.3,1262751,12,7607744,4883959,1532566,0
513,587910,17.7,1316093,84,7550611,181133,802644,0
683,934881,6.3,552070,36,4311644,2069917,1864266,0
696,3371787,22.9,1722446,12,1271752,3310449,1111106,0
584,1790128,22.1,3032899,48,5983235,2154664,2022382,1
342,1356527,2.9,2372252,60,1610949,3254649,2497389,1
892,3416447,17.8,3700365,12,6703915,3563061,1469314,0
433,4113758,19.7,2813823,36,4803719,4828006,144496,0
356,2307368,25.1,3169515,48,2835407,3021927,1688341,1
659,4432893,6.2,1755145,84,7838833,3549120,2575968,0
547,3724137,26.3,2469833,60,4114507,1509933,669921,0
669,3638080,13.8,2333705,12,3086686,754180,2878164,1
826,4364470,2.9,3262270,60,1511909,499889,1087089,0
358,1082279,3.2,2029303,120,5189161,546769,2052356,1
470,3840187,5.9,1646709,12,2159174,4136813,2105980,0
610,4797138,8.5,326707,120,1218536,203120,546238,0
773,4962787,14.9,3445015,12,946659,2416886,116966,0
660,2974610,22.5,1770356,60,5131177,3066841,2846313,0
530,3820933,5.6,3204150,36,7368754,3362372,2101240,0
666,4465313,29.8,2728592,84,2021296,330087,1893926,0
888,4290460,4.8,56812,84,1738798,4302524,911327,0
588,4509402,18.0,2622823,84,4906301,2186690,324274,0
831,4195359,27.9,1976787,120,1143628,88611,815507,0
768,2030290,25.0,997101,84,709289,663814,1643177,0
481,3705276,19.4,1095235,36,5100023,4296927,2080466,0
449,2170103,21.5,2569924,48,4199752,4715717,957141,0
762,4048649,4.0,390620,84,228976,3758977,644835,0
424,4089167,0.3,2444928,24,1899240,1666755,748551,0
502,4686480,13.0,3392475,60,1587177,4734109,2885051,1
441,3023933,2.7,393038,48,5453670,1378655,1891574,0
664,2480995,10.7,81401,120,5325591,1167954,2972038,0
476,994614,6.7,289376,12,5981359,3824700,18829,0
695,3263778,27.5,2934146,12,794339,1612112,1374301,1
861,2918743,26.4,3398768,12,6785141,2599868,1372180,0
798,2671711,24.6,3953359,48,1674499,3307394,1204255,1
869,3446359,21.4,163887,48,7939163,830480,1174752,0
314,4284978,4.6,1953978,60,6975345,4628965,237112,0
573,913625,1.5,240274,24,3674838,831681,96518,0
432,2270526,19.6,1516400,36,6285102,4963347,2334656,0
851,3667062,19.3,1266408,36,5364756,1386876,1321529,0
727,4134689,11.1,2443040,12,6189174,2083688,488172,0
492,3936266,14.2,3640538,84,147389,1266401,1042616,1
638,4036902,14.7,3228557,12,670718,2696148,2799144,1
663,4304180,7.2,301292,60,7240697,4120,1403081,0
597,4817054,9.4,998995,48,6251326,852755,2971779,0
585,3118714,12.6,1135852,120,4925945,2596848,484511,0
333,1394819,18.1,1040270,60,2498813,3469877,367229,1
571,2905003,28.7,1445276,48,3370760,4813787,1691431,0
509,3606174,16.2,2448353,60,3144445,4186852,2049018,0
791,683371,21.9,2971342,12,3474502,4608351,2943890,0
819,3833214,24.2,3762526,24,5026249,3993247,1397976,0
750,2812212,3.4,2826543,48,6063965,3882642,600500,0
318,4694137,19.6,1228838,120,3069357,1729215,1623438,0
805,1216764,14.5,777215,84,6667760,4525005,920895,0
538,4553132,17.2,1538181,36,723670,4816321,538724,0
550,2350422,1.2,3208629,24,6463230,2567812,265228,0
868,2952924,27.2,3973667,120,5411792,601733,2170563,0
821,3368014,28.6,1599564,48,4084677,213163,1928293,0
330,2979935,0.1,746077,12,3000491,2469850,499838,0
516,4538392,6.4,69563,24,2969173,3174209,1676643,0
750,1002998,5.4,354024,84,2883596,2772986,2655900,0
623,3703412,23.4,2565640,120,7564315,4481328,2454265,0
454,4879821,17.9,2379533,120,214350,2682569,1361924,1
615,1256568,5.3,2591132,12,5073596,3305032,171849,1
820,1424084,24.4,145854,84,7912410,3789454,1904604,0
434,2480055,10.6,1776025,12,4349227,4474327,1548625,0
748,3678734,13.8,762711,84,5113315,3048036,2765374,0
741,4803105,11.6,1379235,120,4786552,2787471,1659992,0
832,4019816,15.6,2507726,36,4046405,385647,2213819,0
479,4011290,14.4,1139106,24,5038932,3211757,1585314,0
429,2317834,8.2,2655074,60,7228409,899258,1622544,1
629,3297847,12.7,1192190,12,5704583,1843695,952307,0
619,1213730,27.3,2066180,60,6796327,2661195,1208033,0
546,2423117,15.1,1863436,36,4425478,413195,887790,0
768,1107010,27.5,1565805,36,6186870,3472738,1386405,0
780,330192,16.5,547848,84,7002843,1402660,2854576,0
447,4311181,23.1,2325981,120,1695580,2570873,1025019,1
778,4062699,8.8,3960869,36,6877714,1751233,1389779,1
438,2651631,23.7,2591374,36,5493245,1777539,2838552,1
544,269576,7.9,2995903,84,3538062,1968904,453651,1
316,632657,0.6,3223754,36,6193350,255672,758573,1
504,736494,4.8,200926,24,1348289,976855,1479512,0
876,3641694,0.6,3181366,120,5587320,3929405,1228039,0
565,1176760,28.4,1007740,120,4613246,609346,1023417,0
726,1400821,30.0,2675963,36,7104764,2485971,2334672,1
364,4333272,22.9,3936241,24,4965916,700189,1496651,1
681,4406695,3.2,3582219,24,4205651,2693946,1093025,0
523,3862657,27.0,1687000,60,4187037,3218404,1436897,0
747,1685944,22.3,3360200,36,4439040,2344791,2659833,0
857,2983701,10.0,2493473,60,7124623,3857529,2951856,0
619,1161300,15.1,576321,84,6281329,1326727,729218,0
361,4317946,19.9,997653,12,744162,1381867,120559,0
586,607320,0.7,3828884,120,4259235,2544818,94034,1
373,3773137,15.0,3665093,12,2299348,317503,1336205,1
570,2655349,22.0,3572382,12,1316102,1345377,1886253,1
336,3835867,5.6,1567626,84,6926319,3537995,153911,0
684,2363540,13.3,1317662,60,6859070,3890169,1524760,0
486,958984,16.0,3233734,120,7515307,1359364,1198914,1
421,3806299,22.1,129728,48,3151112,1290962,2799175,0
310,3229184,28.9,3595054,36,3407401,1492807,1810709,1
833,2430092,25.4,2435705,60,6224370,1396206,1269397,0
803,1989086,18.6,2549178,84,1541152,4967501,1759941,0
787,1850316,17.5,1781749,60,434529,3255542,406770,0
334,2509445,18.1,3918250,36,3362636,1929063,1425069,1
510,1455943,16.4,3010789,120,5033866,2309928,989236,1
883,1555338,1.8,262651,36,3649332,2553486,542954,0
647,1535104,20.9,2122169,36,1689681,2764938,1179635,0
377,260862,21.5,3445508,24,4156555,1932365,1916978,1
384,4653670,15.4,352137,36,7541130,4872126,1749396,0
458,1335447,26.1,2960639,24,2194824,1450955,2891851,1
884,992377,20.2,1016515,60,3200244,2136569,823501,0
401,925624,10.9,2050771,84,2501019,29253,2099010,1
842,4943247,0.6,3535969,48,2348560,2458012,1650940,0
707,2488366,1.8,1994710,120,5244701,4274432,2621481,0
854,1769213,10.6,198874,48,2997218,4986315,2724138,0
796,2138685,13.9,132060,48,4974353,2365768,2122540,0
499,624273,5.0,2959845,12,157661,697269,1271191,1
797,1705601,5.7,3727127,120,5296820,3599452,1600189,0
401,1393714,6.9,1203177,24,844163,3202811,1954709,0
474,4055449,23.4,3744856,24,3018280,4793284,2417703,1
427,480389,23.1,1837927,120,6980728,2525800,686695,0
380,2242151,11.5,281919,48,2691655,14156,2618956,1
354,3992143,5.2,2147471,12,5584098,4503911,2403981,0
412,4201264,3.3,3896192,48,2812309,3375198,264474,0
372,2660254,2.6,1037821,60,7218755,4000911,809012,0
528,1268129,11.7,3844505,12,7609412,593203,707423,0
342,1817536,1.4,2625244,84,7272109,2285919,1739408,1
336,1266997,10.0,1614507,60,3161961,2289825,625896,0
894,3377838,28.8,2789097,12,2540005,1338000,900742,0
352,1604676,15.2,1632986,60,4849059,4233911,567530,0
344,3227103,24.7,385985,24,6533521,940231,202207,0
318,3347332,3.9,3489515,84,4182746,357479,1378079,1
379,4711386,8.0,1527012,36,5904588,1171626,958988,0
617,1977684,28.4,2284767,24,7009775,4948068,1513552,0
797,4814051,11.5,2990291,48,6016082,567234,636092,0
741,2123439,19.5,377472,48,2952934,2904179,859110,0
648,3467282,29.3,2900469,36,1998753,915507,2678022,1
351,3375774,16.5,1492711,120,3473155,1974967,2415084,0
765,4125517,9.2,2201183,60,4601390,2759222,798486,0
322,2451732,16.0,1855624,48,6742355,97551,485351,0
679,4003641,1.6,3121816,24,2405091,1206006,2923270,1
546,1905616,3.4,790803,48,1287661,2934115,2042610,0
830,2558257,0.2,475197,12,2524159,72504,1477037,0
484,2598436,26.5,1673265,120,4754356,2474452,2098160,0
683,3581400,20.1,516934,12,1856924,3018003,663195,0
564,3168065,8.9,1008760,60,3199266,1076585,1284396,0
613,575643,6.6,2647083,36,2053679,810887,1174032,1
864,4083513,20.5,3284114,84,7886333,2452238,2162614,0
728,3838501,27.6,2788669,36,4100049,3593182,550293,0
549,701850,9.0,1304996,12,5771073,63946,1467273,0
568,4816799,9.6,3267381,120,4162417,1688903,2501050,1
723,3371458,25.6,1654049,84,84450,4997389,588985,0
507,607878,26.8,765095,12,2111163,1678452,359907,1
400,2558701,27.4,3037174,12,6715792,1660572,2463647,1
581,4213356,8.8,2091248,48,4090064,3688402,2620584,0
341,1543178,3.6,1513811,120,5625437,2401111,1291700,0
401,4678305,13.2,2660284,60,6093359,1956445,137751,0
552,2208343,8.9,2912792,12,4487687,3923891,1622078,0
778,1285706,26.5,933613,60,4619735,153896,898824,0
769,1910963,1.1,513233,36,1889028,3563892,1762284,0
456,2719094,19.0,2091865,60,1994361,1903285,419660,0
553,3503025,27.2,253553,36,1194533,4442796,2415460,0
392,4653720,29.3,2571858,12,2380817,3624694,2055797,0
753,1135498,19.5,1787264,12,5027197,4706629,1935663,0
448,4809085,28.5,897075,60,7427472,643801,1536965,0
780,2732965,2.3,2414425,60,3519522,945889,660645,0
806,813835,10.8,1533475,36,4816087,4515656,2818019,1
714,4647047,0.3,1584256,12,6892963,1951999,797333,0
498,1875220,29.4,904538,84,5418849,4077828,1098542,0
872,3178808,27.1,2720538,24,2098988,3434085,2778798,0
712,3551094,0.8,3616625,24,2249487,2498637,122247,1
688,264352,0.5,2493787,48,5100160,225121,375286,0
814,1263481,11.0,985355,84,2302482,369363,2284977,0
829,3494991,7.8,3341891,120,1990744,3584725,1103878,0
346,1758899,25.4,527296,60,4735355,486686,1738502,0
829,244790,4.8,1194608,120,5090537,24417,1741605,0
759,311797,23.7,188863,60,2026479,1097649,2482306,0
424,4166943,16.6,3401131,84,386757,4570443,1860859,1
484,936904,11.3,227566,24,6144764,3132502,1278416,0
752,682037,4.4,2207689,12,3133659,3590847,1647764,1
430,2899182,29.9,806765,60,5064170,3260824,2214544,0
571,770895,18.5,888217,120,1381485,2827496,1137336,0
714,3334832,13.2,2452424,84,2515288,1281819,513197,0
690,2811660,11.1,3224915,36,4847472,2144505,1458925,0
846,3314777,27.2,119717,48,992856,2724034,2998580,0
367,2559702,24.6,676597,12,2533824,4940124,336471,0
477,3936131,24.3,1182638,36,5751280,4496027,520941,0
891,3294823,18.5,3777051,60,6172261,3682559,2985308,0
641,2193351,26.6,279759,24,2823721,4066422,2489402,0
449,273819,9.0,755080,48,916754,4036465,351094,1
474,1512755,21.1,1644452,36,208045,3338674,637314,0
503,830868,12.1,1336139,48,4449705,4126925,2072470,1
633,274787,18.0,241878,84,5548625,366450,2347524,0
471,1511218,29.9,2183766,120,4749423,109374,2201851,1
673,1191823,29.5,2449790,36,3241650,2221384,2583758,1
567,568353,15.4,749116,84,176832,273421,1520271,1
666,1699461,17.2,2769276,60,1809633,1697040,2629923,1
393,2631513,26.9,274127,120,287885,991825,1788015,0
674,1055393,29.6,2938784,84,3697946,4788411,1427155,0
855,1510933,23.4,1073669,48,2465921,3276088,1909308,0
381,296693,2.0,936156,60,567937,209849,1286439,1
496,441941,9.7,825743,36,4872604,3119746,1819179,1
716,955748,26.9,3480576,60,2962521,3662332,2501374,1
671,2374034,23.1,2033314,60,7701040,1625818,2874598,0
705,3397278,22.3,2776638,60,3339178,4413773,1738468,0
636,3984027,20.0,855630,12,726268,4864994,17196,0
710,3222010,12.5,273768,48,5640604,4903360,1863831,0
666,3160879,12.1,200842,60,5625302,465533,755693,0
344,4691282,24.3,1791028,24,7434152,2245126,708201,0
751,1427079,8.8,1339468,84,5541729,3883601,2643611,0
568,4031208,20.5,3082638,84,2894191,2213995,1338471,0
330,4696982,21.8,3164211,48,5355794,2404386,2371246,1
545,2925229,25.3,1278031,120,6385194,1641662,1108347,0
561,4234663,9.6,1762564,120,4129179,2094171,1820516,0
352,860270,22.3,1557157,48,6357431,3472759,1995965,1
898,4418159,3.2,2716581,120,7734608,127824,2679772,0
433,2907545,4.1,2536935,120,6038063,3996848,589450,1
498,1263364,12.5,2621757,12,4014201,3638998,1683656,1
565,495656,1.7,269149,120,3943358,693254,1217256,0
800,3655655,28.4,1384864,12,6706377,3857878,1391489,0
746,2268247,27.1,3869394,48,6983079,2607009,2546197,0
763,1688016,1.5,1400152,120,2100165,1594787,407469,0
442,2073241,25.1,739200,84,78253,2277188,1639337,0
808,4956864,15.3,838467,24,6450468,2584814,1163498,0
798,2253506,21.1,155354,60,1888287,1052677,2688132,0
578,578126,26.6,3134162,24,7972366,3032211,649250,0
628,1543164,17.3,71025,24,289242,3146125,697582,0
322,897746,3.5,2404693,120,7280688,1838226,272543,1
757,3491986,0.1,1628240,12,5424924,2302646,1319710,0
877,4041917,14.9,423997,120,2432574,3077910,32440,0
584,4236534,28.5,3542801,48,278282,2517901,1501249,1
624,3237837,17.2,2980769,12,6769260,2170635,670746,0
600,3888882,11.2,3288061,84,955200,4780984,1201702,0
349,2202994,0.9,3749786,12,762057,4390350,1815540,1
672,3213210,27.4,3652581,36,6320255,1898115,2053481,0
733,713479,9.8,2817568,24,5421661,3592566,183712,1
857,2784055,21.1,2158440,84,1019322,4050884,446159,0
858,2875844,20.8,2803144,36,2737170,552500,953306,0
595,349204,7.6,1822548,60,5331868,2958982,1558201,0
876,2831881,1.9,766213,12,5269361,3998016,2650530,0
617,3670083,11.6,1574151,60,2898082,286972,416317,0
685,1964436,9.5,1894287,60,3297992,1687528,203624,0
661,2815918,21.0,233351,36,637025,3989015,1887593,0
900,1573153,24.6,3397502,120,72265,4677843,2936657,1
743,1499557,6.7,3642609,48,7740211,4962029,2490745,0
372,821569,15.8,1708931,60,1850212,212980,1696329,1
343,1773642,1.2,2009896,24,7416867,137889,59991,1
546,4055334,6.4,3371836,120,339089,4055720,1728612,1
609,4690913,22.9,1847516,24,7918451,3671814,1370809,0
701,3251006,23.8,2768148,60,3418159,969209,1340855,1
589,3196939,23.3,2084912,12,6449483,653671,1478111,0
609,3146342,4.3,1120966,12,6720571,728746,1684558,0
853,2484380,16.5,3186911,12,2815647,4386338,2160763,0
501,2230571,12.7,811229,120,5903974,3823322,576371,0
596,3180424,29.7,936661,24,2672988,4741652,224159,0
634,3965123,19.6,2780990,120,6311298,568031,154296,0
581,2185963,28.1,2854108,60,7671982,3476279,1218062,0
881,2916282,4.4,3820144,12,6457597,4618448,1523830,0
878,2456875,13.5,2857541,48,5823193,2664364,2356444,0
608,1570463,23.1,147582,48,2975518,3870208,1300397,0
570,1593484,11.0,3405734,24,869517,3010315,1596434,1
653,578100,19.0,1684976,60,4048206,35052,2930165,1
408,2311296,15.4,84300,120,1037850,2144276,2249539,0
556,3619789,29.8,2337235,120,4067609,1306809,2072754,0
430,3490843,5.2,723062,48,6952746,417913,1092029,0
386,4931204,28.1,1693105,120,905668,2978020,456598,0
357,391721,12.0,1910635,120,7207809,4644218,2760263,1
652,3851155,14.0,343163,12,4785137,269486,1660475,0
300,4016132,15.9,3409635,60,375589,1645933,232035,1
688,2294886,8.0,2065879,84,5761438,3348200,1446865,0
559,1558302,28.9,3862212,12,343,1564239,273493,1
520,1914090,27.3,1886176,60,4887743,582542,2943961,1
762,3476287,29.2,2399731,120,4059769,956624,1585458,0
623,4338401,29.9,3258742,24,5967728,123227,2354908,0
740,3285082,20.1,887929,120,3009818,4962042,1412472,0
726,2668100,13.6,3640397,120,951130,2457477,59202,1
319,3332615,25.5,779109,60,3096883,4712823,1915403,0
429,538863,0.7,3983993,60,6091272,3428335,1959334,1
642,3119019,25.0,2575804,48,7629329,1747162,687168,0
886,402274,14.9,2099092,36,1665121,4712037,2149358,0
392,4803689,20.2,879773,48,2811037,1300027,678085,0
363,4468195,11.2,2297923,48,7014615,903191,2074720,0
865,2640052,11.1,2234695,48,2504224,4026848,2247329,0
881,1995589,1.0,3935731,84,1959450,2766689,412342,1
400,3715132,12.7,3347507,84,6652196,2113050,875295,0
541,3260396,12.3,1957430,36,3935939,2940915,489908,0
676,3586157,6.7,1589788,48,4666228,4838941,2181875,0
417,2674793,7.4,1579016,24,3898130,1400849,706666,1
496,1334084,17.5,1544965,24,4822561,4506084,1922121,0
537,551607,9.5,103657,36,2150802,4554150,1252736,0
685,1559868,24.9,192754,12,5855277,3797257,249981,0
485,2739195,3.3,3018072,84,2893677,786110,2648101,1
547,2235282,17.3,1053634,12,4188687,449621,2133389,1
474,2630558,4.8,1674590,36,1484774,601890,784918,0
756,1532950,15.8,2807856,24,90080,3510639,2638547,1
391,4701775,16.6,2449638,24,4560806,1999967,2126513,0
438,1960367,19.3,1473545,36,1110054,4936272,2449939,0
450,4261551,12.8,3022075,84,7304225,31398,534366,0
844,2076611,15.3,675280,120,7673938,1866463,26585,0
867,2329215,5.4,1916929,24,2532860,1320645,185409,0
600,3098550,13.9,467782,24,2310568,4407845,1619142,0
393,1463036,11.2,2149882,48,4064501,605931,2360017,1
754,1255472,20.0,425460,36,1632944,2040709,2740012,0
595,2020116,13.0,3769176,84,6895045,4333378,2882913,1
810,4060601,23.4,2653577,24,815785,4856620,1796177,0
516,894082,12.8,1019524,36,3619992,4581700,1893770,0
900,2300174,7.1,2469855,48,1511860,3267957,870978,0
785,3426161,8.2,1432451,36,6650083,814735,3474,0
434,3589972,1.4,2098158,60,1154216,482502,583634,0
736,2285152,16.2,711007,84,3571125,2055326,166685,0
472,590923,24.9,2026289,48,6668560,2395229,2054843,0
510,276350,23.1,471775,48,3521940,2570235,1509326,0
450,2455834,13.1,654890,120,1476409,248643,2313762,0
710,4088216,5.9,2356834,120,1257919,3376836,444248,0
457,335453,25.9,2027387,120,4838668,1975379,2737755,1
683,4459898,1.7,1209665,12,999830,543582,2158619,0
650,3444368,12.0,286754,84,2842396,4576906,2717150,0
751,238667,25.7,1722883,120,4891974,1784419,1945344,0
897,1849808,11.8,3707141,84,3036113,1161011,1017840,1
305,1258407,3.5,2846879,84,6618669,2461946,1878524,1
895,4756414,8.0,279208,36,5502688,4752839,1811631,0
365,2862955,18.0,3754651,84,1083252,4123383,542772,1
616,1755796,4.6,1722944,60,6536789,499615,304557,0
504,1534632,19.6,2324396,84,7280752,3433653,1950810,0
684,2906268,13.1,52255,36,1618282,3324058,283387,0
733,224454,10.0,1274838,84,2871038,4429873,301016,0
816,1435460,7.2,3155295,84,3161981,4828428,214405,0
541,993967,24.7,1356207,84,3402058,3729187,1866477,0
860,3176541,11.9,706372,24,3710441,3270768,2781433,0
493,3412275,22.2,408111,120,7155628,1768186,1491052,0
422,2441803,13.2,3703419,24,5210636,4495020,457297,0
527,872140,2.8,3260793,120,7170372,4715293,1537993,0
617,1979016,13.2,223712,12,2803929,4955153,1446979,0
701,4245922,15.2,3704635,24,4198871,4773257,1780083,0
800,1177709,13.7,3292110,60,850849,3209217,1299217,1
435,984164,24.5,1471689,48,2214119,4781480,1596336,1
482,735302,27.3,2643720,60,4671697,3911320,974313,1
864,4120231,23.6,1068900,36,1375515,1200967,2718495,0
564,775419,17.5,1036456,12,7682614,4903378,1613192,0
445,2991770,16.2,2872295,60,2172640,2136552,932344,1
892,4995393,19.3,849557,48,1291998,4367385,8372,0
569,3280698,8.6,1452954,48,6245019,1441327,2036133,0
892,2179091,24.4,1462828,36,720236,1803126,1140448,0
852,1192769,25.7,643521,120,2596726,4120927,747032,0
844,209262,8.0,3322192,84,1590004,2626925,1438032,1
649,946703,27.1,2711608,24,5556492,3387890,1455359,0
779,4774059,25.5,3454729,12,6745423,1600917,2409913,0
877,889297,12.7,2119514,24,1561606,3072071,1627725,1
461,295903,27.3,742377,12,3328164,2434625,2102890,1
322,4117147,3.6,1154068,60,3828029,4657794,1941265,0
492,2209213,0.8,1446120,60,5527611,2460487,2549286,1
682,1913581,10.4,3770749,48,2816850,444339,18628,1
628,3643893,17.0,988091,60,4183752,3683116,1128895,0
348,2710537,10.5,2787676,84,4028899,4769207,2146208,1
637,4590077,28.3,534439,84,90913,4414106,422716,0
404,2444475,7.6,3826107,48,4559562,503823,1325600,1
603,3621854,8.4,2603475,60,4542871,4992798,1203169,0
645,4418542,19.0,1751187,60,7927480,1735088,2416919,0
682,2425404,0.1,1416190,120,4080003,4169827,2889179,0
547,1564551,21.8,1450491,84,7199161,3151368,318997,0
545,4877322,11.3,940267,36,2792947,4865194,642982,0
707,1288610,29.3,2419224,120,5566932,1707381,2322633,1
750,388733,20.7,3470692,36,7213508,3039276,524266,0
785,2975134,1.6,1002763,84,1229947,3412682,1490853,0
500,4937083,2.8,3005856,120,4536292,772180,2833012,1
554,614904,2.6,2286427,84,7352229,3877093,2925897,1
498,4277080,28.6,3106357,12,4448020,716950,2849770,1
617,4186077,20.5,3090566,24,7140689,4142529,403202,0
376,4658865,12.8,204823,84,3359030,631425,447710,0
558,2223501,6.0,133811,12,7093628,896718,528048,0
413,1422907,26.2,3664766,12,5030747,2474120,2308359,1
619,2658286,6.0,663936,24,3832135,910383,537082,0
811,883798,21.2,2320217,48,1719684,383489,1289227,1
892,4245682,22.9,3024682,12,1365653,261570,2455087,0
568,3383914,8.8,2040021,24,2310209,1431397,1476647,1
333,2519964,15.1,74347,36,6035226,2454259,2821789,0
436,2676125,6.7,91812,60,3744271,220155,1496064,0
362,3618185,11.4,2694721,48,3108120,687668,1139255,0
756,2711206,29.0,3595766,84,3734426,3058186,2905115,1
891,4231072,20.8,1406532,120,2756546,1592985,1641151,0
632,4638172,25.4,2198367,12,6457261,3788920,553983,0
406,4758993,16.2,3738381,60,3126256,4202172,1903370,1
312,3176388,7.2,3309357,24,3777224,151942,2319191,1
886,3764244,21.4,2185022,36,4472565,4743295,2515436,0
490,1693106,15.0,2639268,36,5170582,3418164,17022,0
367,382960,5.3,3847118,60,2668150,4110380,325153,1
406,2120319,12.4,3196940,24,586055,2390119,1885830,1
453,4384212,19.0,1692633,120,5519365,3241,2225734,1
694,840780,22.1,2787081,36,4480122,4426189,1958034,0
835,2819421,7.3,1349210,84,5181791,2840121,1148492,0
465,1123107,26.3,3687808,120,4348919,185606,2261119,1
713,2260505,11.4,419467,48,4070901,833300,1737587,0
339,888080,8.1,940662,12,7589070,1030203,2777888,1
306,3726775,5.9,1416744,60,431785,1878734,1103025,1
333,4089399,24.1,848295,36,738407,2211895,2261506,0
854,3840100,10.6,2400477,36,7492342,2139595,431332,0
649,3583393,14.5,2864539,48,7094664,4340794,2196432,0
783,1328734,6.7,3567243,36,3293570,4714704,2194962,1
313,2745656,20.6,2030509,24,4324960,3393717,761362,0
313,702971,23.4,2504343,120,3595626,3168694,184967,0
810,1996965,10.2,2416687,24,7976929,4320178,2978520,0
361,2627912,28.4,63459,48,3648260,1338275,229527,0
393,3408773,0.9,2848743,84,6079031,2790775,1405226,0
611,664651,4.0,141863,24,2920224,3213974,3355,0
664,4101946,17.7,2212341,60,3050586,1427601,1252350,0
437,2402743,21.0,3999212,120,5396703,4759328,2462881,0
567,4429920,7.5,3161389,84,3192870,1177591,1505633,1
705,2731882,16.6,2050588,12,111341,295795,719225,0
566,2825678,9.6,1309526,36,1383712,1616911,1182169,0
529,3524438,16.6,3356982,12,6988067,4079939,277036,0
343,4135449,19.8,3443013,60,2935033,1872830,1780913,1
571,956599,29.2,1503637,36,819512,1084487,12312,1
782,2654269,13.7,475321,120,7513286,4361158,1048874,0
676,343782,19.4,2349829,24,7997710,765539,182098,0
836,2477744,17.3,2554316,84,3997696,793801,719834,0
375,4104870,9.5,3739577,36,5024661,4494335,202299,0
306,4354073,7.6,3566024,120,6039432,1606636,2783985,1
629,1560897,29.6,954797,24,529971,9247,2316086,1
407,2054595,6.2,1048142,24,2373526,2167599,2783486,1
656,2847494,23.7,3988141,36,4499497,3705429,2049236,0
843,2100381,4.4,1340997,120,4398165,3785024,1488736,0
502,1054779,24.1,1860641,84,2650462,436142,522142,1
630,1663574,5.6,1256495,84,12839,1406592,2886442,1
709,2139472,29.0,1603695,48,7624346,3089977,2752560,0
390,2689768,20.6,2278842,84,4915640,3301141,1247151,0
839,4619514,2.7,1205204,60,6043768,3104485,676836,0
421,2815280,20.8,1680844,60,3498486,1689526,1162136,0
785,2058160,18.1,1442966,84,4056117,4313881,1182352,0
696,3370214,10.1,476439,120,3556240,390130,2750719,0
384,3910668,7.8,3157448,60,3438219,4113033,200594,0
735,2266411,21.6,3570585,48,5365376,4699283,1898751,0
418,2548475,22.2,1993500,60,7966951,3425822,2305623,0
660,1245619,9.8,858472,84,6218830,2147531,2287552,0
876,4350981,26.3,2590071,120,5339073,1902738,579612,0
872,4360842,8.1,2159616,60,96678,2178814,1238231,0
823,1039568,2.1,2227325,120,4111438,832028,1026150,1
596,1860804,18.0,2399479,84,7646022,1110063,1221005,0
636,1505350,3.2,2885694,120,3183553,3178415,261231,1
480,4630129,8.3,210969,84,4395546,2750940,249911,0
853,513078,15.2,442690,120,2596663,2484849,72462,0
586,1195296,8.6,428063,24,1529299,2374068,2900232,1
763,1711555,6.4,660807,120,5643356,389711,1250382,0
516,2888276,21.1,3888175,36,2508062,4338283,683877,1
744,1395098,16.4,2933600,84,4703084,4777810,2393055,0
434,2775752,25.2,2674824,36,4748293,1226273,1482801,0
741,3786687,17.4,2810473,48,6785479,1572097,1093628,0
327,4177510,14.5,182582,84,7504787,3151867,343830,0
362,675496,7.8,892604,48,4428486,10703,1158097,1
511,866486,23.8,3187087,84,402751,510576,1940861,1
589,656929,5.9,1877926,12,4658651,4508452,1870305,0
727,4567699,7.3,2058744,84,7077224,862685,1172626,0
515,3330075,25.2,3013479,36,3818852,2885254,1839139,0
311,2750855,22.2,347038,84,4517629,4411729,2302986,0
495,3996380,18.4,3204664,24,6100968,3665304,2790881,1
563,3013325,1.2,2738971,60,3512071,1359775,1585136,0
626,1330179,3.8,1644273,60,3319937,763331,683351,1
687,2648798,15.0,2022440,12,3857214,3589435,388438,0
448,3575415,22.4,343247,48,6815517,2023028,473100,0
666,372919,13.9,859433,60,3903979,4837907,32221,0
679,3110410,0.5,1023176,84,2616358,3225306,1674306,0
766,2586035,5.5,3516924,120,4773841,55148,637346,1
613,533630,17.7,495188,36,5541001,1254823,678271,0
787,1465038,20.8,1200950,60,7301779,3722273,2173040,0
433,2352968,1.0,570417,24,7143768,3507495,959040,0
727,1844903,1.3,1173998,120,6265614,3709328,2485543,0
327,1592319,7.8,91943,120,6152591,1168074,411114,0
361,3315688,2.5,1127455,120,3594546,1246475,1024005,0
819,2140941,16.3,2908779,48,2740865,1045639,154741,0
585,2588946,3.7,3081451,36,4502538,3478913,1607775,0
673,4031916,19.4,1548588,84,5650712,58123,374541,0
662,647447,23.3,2839169,84,4147682,4071263,720040,0
717,1927544,29.1,2493818,24,1655878,1409534,2206441,0
447,550598,28.5,3617426,48,118105,2440117,2641330,1
407,4651176,8.2,3228346,60,465320,1233684,1636310,1
325,1091157,0.9,955890,48,3409770,2126330,2895622,1
819,4135365,9.9,2375086,36,6331054,3821783,2270014,0
434,1116248,21.3,3156140,24,6319193,992242,2258820,1
645,1755471,1.8,1257268,36,6464073,2848550,2971814,0
573,3119844,10.8,2313530,24,5672523,286334,266660,0
397,4190598,8.9,1631004,36,183447,889122,696590,0
548,1053509,6.6,1269284,24,7067227,3422230,1311356,0
350,1222982,21.2,837404,36,7582361,2840637,1855004,0
406,4432254,19.8,190043,60,6798102,3057277,2971518,0
383,1745431,16.1,3011899,36,3567199,1127218,297043,1
795,1206851,27.3,3284843,12,1717496,1031011,688154,1
641,3768909,3.1,2624340,84,7242178,2127511,894541,0
856,637431,4.5,1002232,48,1481509,645008,2011415,0
562,4361431,11.5,124351,60,6305396,4441041,2855066,0
421,4403581,19.7,2545385,48,7723571,1339687,2815691,0
665,4311299,17.5,839660,48,7205229,3596281,2242917,0
858,1617572,2.2,2218028,48,4168838,784034,2319610,0
620,748205,28.8,3882389,84,6667005,3255500,1246641,1
310,2242029,9.2,67575,84,6646747,1019300,1826581,0
482,1805971,10.8,2329965,120,7791963,1407417,512774,0
855,4803327,18.7,3977658,48,2882871,2060177,1520115,0
611,3232139,28.4,1370490,36,5032808,622908,877956,0
872,4732973,19.9,3266601,12,6537302,623178,2786444,0
606,3804204,28.6,3321054,48,1818071,3764745,1102542,0
307,3631601,5.6,1971562,120,1804432,1728106,1184200,1
824,736857,18.6,1262110,24,3116505,2839452,1208350,0
758,530907,24.9,2737349,84,2880057,3232527,2703807,0
729,423156,15.3,2496848,84,6015034,3113801,2797579,1
883,3048033,10.9,1932547,60,7486846,3137282,1293159,0
417,1168207,29.5,811296,48,1255754,4875567,2987129,0
844,4947575,4.2,2991116,84,2601018,3153853,2269635,0
439,836778,12.3,884983,12,7438739,1741604,2539353,1
883,4745198,26.2,580597,12,4757358,1423229,2747142,0
415,3404671,27.0,315488,24,1642231,4003738,997557,0
630,708812,29.4,1813086,84,4828716,2108517,1651929,1
774,480576,26.5,524375,48,7007798,2794784,855235,0
346,2100643,1.5,1375372,24,2990742,4074733,929639,0
340,1826993,27.9,1005097,12,3869792,1176299,1392980,0
810,1714576,12.8,1865638,48,4908613,1112012,152960,0
336,2737095,19.5,3121621,36,6724962,264441,645488,1
668,822695,11.8,1829367,24,4516564,361872,2427780,1
863,821394,24.4,2250569,12,7666366,3080055,497341,0
669,3535032,17.3,615221,84,6039725,2517767,1866030,0
589,4953484,25.4,496601,84,3377180,1488080,2296915,0
550,1514472,5.8,3907130,24,3899919,1057565,789137,1
683,4673260,5.5,2498892,48,5572837,3477392,1374969,0
643,1855356,13.2,111193,24,565315,426695,2632235,0
601,1812257,0.1,2282306,36,1813741,3503636,2506442,1
392,633722,20.8,89788,12,1905957,4524364,2760909,0
698,2231967,8.9,354857,120,6406286,2277302,1885013,0
744,2590244,16.7,1525093,84,6580099,2473822,2661499,0
726,3386096,2.1,2642987,120,6559406,2681986,1195382,0
345,959205,5.1,2500487,36,842836,476151,1804554,1
722,1105727,18.7,3174399,120,2361965,3132734,2001704,1
738,2274034,9.2,759630,48,2496940,1826193,2929745,0
410,534311,6.4,807090,24,193126,2343025,1104692,1
810,888042,6.9,2156116,36,2062343,114838,2624417,1
614,3219561,6.4,3481372,84,3449642,4386853,1527971,1
583,4778480,18.7,2904949,84,7085711,1666883,312781,0
734,2950219,5.0,2693701,84,1360004,379672,1966640,1
606,895916,10.9,421539,24,6882245,3910260,2943318,0
627,4956756,20.6,3518109,60,6548409,4899091,1360192,0
487,2705058,15.4,3938469,120,1266446,2599808,1646419,1
857,3640854,17.9,2350028,12,2088778,167254,2781898,1
882,1145503,7.5,1379967,36,3665977,4958736,2760108,0
378,2976493,28.0,2667041,12,7549543,1040481,1200252,1
740,566536,12.4,2587541,12,6279812,1202002,2281025,0
314,3203557,8.6,3719948,120,7774472,3541539,1892918,1
521,1171081,27.1,487343,24,2500571,1659486,1942700,0
882,4565673,19.7,2085199,24,7270688,424801,2161537,0
405,462915,18.4,2852471,12,7649119,3413544,980017,1
526,3332623,26.6,1428562,120,4796916,1310864,914472,0
431,869107,1.8,3369803,48,1232533,4308085,81090,1
737,3498183,25.1,305677,84,2139424,769883,2569048,0
578,2568724,20.3,465876,24,1029525,4531056,830209,0
656,4843910,10.8,3173796,60,6458068,3617858,2022761,0
866,3328715,7.7,547159,120,2504597,1197217,2057461,0
613,1985591,3.1,1703087,60,5612763,2894667,2110566,0
741,619231,28.2,1160137,48,2138040,4691949,2589345,0
358,3059635,4.3,2768128,24,7817347,322393,2603619,0
429,2316889,7.8,97146,24,6188776,4099339,7039,0
869,452054,20.7,1459646,60,3018016,2300671,2520312,0
816,2989986,21.3,3944903,48,3813707,4745790,623921,0
694,1207975,4.8,1506930,12,470144,1042514,1936197,1
527,1324283,24.4,2413617,24,1094210,3597338,2019203,1
420,243002,15.3,3952823,48,7987091,4838493,161081,0
811,1985976,25.5,2449978,24,6527251,1719148,850905,0
771,1247693,2.6,3032174,48,6706109,539589,2730419,1
445,544807,1.3,3837901,36,5148021,1960380,425108,1
654,2284615,19.1,2487964,36,1771917,2990276,695628,1
671,1256629,4.5,3336516,12,842297,3150415,245808,0
586,843959,15.7,2057575,48,5805023,2409236,500267,0
856,2440414,0.4,3266260,24,2653898,4663280,1913637,0
374,503550,23.4,2585809,60,5521,2890423,2523855,1
454,4954123,27.0,1391034,120,180394,3203560,1784580,0
357,2460607,25.2,2255018,120,4462473,4782465,853699,0
716,4982073,28.8,1372710,60,6721287,4696380,2575841,0
687,4430516,27.1,1618469,84,2902706,1706409,1102027,0
893,4902185,13.3,1202365,120,7998618,1430568,944513,0
625,2805103,12.0,1989849,60,3050664,3743832,1516515,0
390,2230815,26.9,1419448,24,5866598,2625809,410155,0
570,3655477,27.8,2522807,48,1956158,2237332,1068966,1
353,587265,29.2,1509559,84,4858249,3491637,2397466,0
703,4232941,23.0,1989467,60,2198761,3303808,1824852,0
705,1753152,6.1,603014,36,6225492,4568834,2964558,0
815,235594,28.3,1577031,24,3637349,1828288,2327139,0
504,1341029,28.4,1455994,24,334448,3770477,1081168,0
486,1363135,20.0,3846205,36,1985160,1135611,2300150,1
342,267807,25.7,1814651,84,2817710,4685103,2596049,1
549,3409192,16.8,135052,48,3731520,418081,1892485,0
585,657121,28.3,1271922,12,2162026,3751236,2287637,0
753,4264138,2.8,2931215,120,4618782,508756,1510032,0
753,2375321,25.9,703120,36,7708463,4400795,2734756,0
384,3647551,1.7,693793,36,5688892,4797152,712853,0
471,1830380,10.2,1524971,84,2490746,4089771,1273117,1
607,833565,4.1,1459268,36,5417165,3942283,761734,0
501,1065698,14.4,1949586,60,7733924,2390828,303904,0
315,3300217,7.0,184928,120,1935914,1224796,1847988,0
808,3637280,28.6,2896877,48,1859045,4928351,355068,0
739,1484139,16.8,895135,60,313516,2645736,678445,0
612,1914155,26.9,2859389,36,6737981,4082610,2289596,0
